keyword,avg_monthly_searches,competition,competition_index,low_top_of_page_bid_micros,high_top_of_page_bid_micros,classification,source_file
telegram,3350000,LOW,0,48145274,142880071,block_or_negative,keyword_ideas_broad_volume_a_2026-06-27.json
telegram web,3350000,LOW,0,58529549,169924499,block_or_negative,keyword_ideas_broad_volume_a_2026-06-27.json
messenger,301000,LOW,4,825455,4591359,review_or_exclude,keyword_ideas_broad_volume_a_2026-06-27.json
telegram download,246000,LOW,3,1099694,2247157,block_or_negative,keyword_ideas_broad_volume_a_2026-06-27.json
whatsapp messenger,74000,LOW,0,482396,3213838,block_or_negative,keyword_ideas_broad_volume_a_2026-06-27.json
telegram app,74000,LOW,1,1049189,4546613,block_or_negative,keyword_ideas_broad_volume_a_2026-06-27.json
whatsapp status,74000,LOW,1,944024,2732480,block_or_negative,keyword_ideas_broad_volume_a_2026-06-27.json
google messages,74000,LOW,3,1034368,7635557,competitor/default-tool; conquest only if approved,keyword_ideas_broad_volume_a_2026-06-27.json
messages by google,74000,LOW,3,1034368,7635557,competitor/default-tool; conquest only if approved,keyword_ideas_broad_volume_a_2026-06-27.json
messages for web,60500,LOW,0,0,0,block_or_negative,keyword_ideas_broad_volume_a_2026-06-27.json
google messages web,60500,LOW,0,0,0,block_or_negative,keyword_ideas_broad_volume_a_2026-06-27.json
facebook messenger,40500,LOW,1,945252,6367354,block_or_negative,keyword_ideas_broad_volume_a_2026-06-27.json
telegram desktop,40500,LOW,1,1111023,188804999,block_or_negative,keyword_ideas_broad_volume_a_2026-06-27.json
fb messenger,40500,LOW,1,945252,6367354,block_or_negative,keyword_ideas_broad_volume_a_2026-06-27.json
messenger download,40500,LOW,13,922595,3776099,block_or_negative,keyword_ideas_broad_volume_a_2026-06-27.json
messenger app,27100,LOW,12,944024,4251133,review_or_exclude,keyword_ideas_broad_volume_a_2026-06-27.json
chat app,27100,LOW,23,4963117,27376724,review_or_exclude,keyword_ideas_broad_volume_a_2026-06-27.json
messages app,27100,LOW,24,1288971,6652921,scale_candidate_category,keyword_ideas_broad_volume_a_2026-06-27.json
whatsapp chat,22200,LOW,0,944024,27376724,block_or_negative,keyword_ideas_broad_volume_a_2026-06-27.json
telegram group,18100,LOW,0,18711047,52279632,block_or_negative,keyword_ideas_broad_volume_a_2026-06-27.json
telegram for pc,18100,LOW,2,1108474,3251222,block_or_negative,keyword_ideas_broad_volume_a_2026-06-27.json
telegram app download,18100,LOW,3,944024,2252443,block_or_negative,keyword_ideas_broad_volume_a_2026-06-27.json
https messages google com web,14800,LOW,0,0,0,block_or_negative,keyword_ideas_broad_volume_a_2026-06-27.json
way2sms,14800,LOW,6,11363228,56547947,block_or_negative,keyword_ideas_broad_volume_a_2026-06-27.json
telegram x,12100,LOW,0,603609,2279631,block_or_negative,keyword_ideas_broad_volume_a_2026-06-27.json
i keep getting spam texts,12100,LOW,0,0,0,scale_candidate_problem,keyword_ideas_broad_volume_b_2026-06-27.json
telegram download for pc,12100,LOW,6,1848684,3275672,block_or_negative,keyword_ideas_broad_volume_a_2026-06-27.json
rcs chat,12100,LOW,7,11967593,79701859,review_or_exclude,keyword_ideas_broad_volume_a_2026-06-27.json
video chat app,12100,MEDIUM,37,5664149,45313199,block_or_negative,keyword_ideas_broad_volume_a_2026-06-27.json
free chat apps,12100,MEDIUM,47,2832074,15116955,review_or_exclude,keyword_ideas_broad_volume_a_2026-06-27.json
whatsapp bulk message sender,12100,MEDIUM,60,20045804,71859938,block_or_negative,keyword_ideas_broad_volume_a_2026-06-27.json
imessage,9900,LOW,0,1708496,99174923,broad_discovery_needs_negatives,keyword_ideas_broad_volume_a_2026-06-27.json
whatsapp messenger download,9900,LOW,1,600305,2203920,block_or_negative,keyword_ideas_broad_volume_a_2026-06-27.json
free video chat app,9900,MEDIUM,44,2832074,18880499,block_or_negative,keyword_ideas_broad_volume_a_2026-06-27.json
fake sms,8100,LOW,0,0,0,block_or_negative,keyword_ideas_broad_volume_b_2026-06-27.json
fake sms message,8100,LOW,0,0,0,block_or_negative,keyword_ideas_broad_volume_b_2026-06-27.json
google chat app,8100,LOW,2,11385035,72730329,review_or_exclude,keyword_ideas_broad_volume_a_2026-06-27.json
zangi app,8100,LOW,4,1519974,13937490,block_or_negative,keyword_ideas_broad_volume_a_2026-06-27.json
samsung messages app,8100,LOW,5,1400838,9163461,competitor/default-tool; conquest only if approved,keyword_ideas_broad_volume_a_2026-06-27.json
live video chat app,8100,LOW,8,3739849,38705024,block_or_negative,keyword_ideas_broad_volume_a_2026-06-27.json
google messages app,8100,LOW,10,1248945,7780937,competitor/default-tool; conquest only if approved,keyword_ideas_broad_volume_a_2026-06-27.json
messages google com web,6600,LOW,0,0,0,block_or_negative,keyword_ideas_broad_volume_a_2026-06-27.json
anonymous message,6600,LOW,0,6899878,29081728,block_or_negative,keyword_ideas_broad_volume_a_2026-06-27.json
spam messages,6600,LOW,0,0,0,scale_candidate_problem,keyword_ideas_broad_volume_b_2026-06-27.json
scam text messages,6600,LOW,0,0,0,scale_candidate_problem,keyword_ideas_broad_volume_b_2026-06-27.json
text scams,6600,LOW,0,0,0,scale_candidate_problem,keyword_ideas_broad_volume_b_2026-06-27.json
instagram scam messages,6600,LOW,0,0,0,scale_candidate_problem,keyword_ideas_broad_volume_b_2026-06-27.json
fake message,6600,LOW,0,0,0,broad_discovery_needs_negatives,keyword_ideas_broad_volume_b_2026-06-27.json
whatsapp phishing messages,6600,LOW,0,0,0,block_or_negative,keyword_ideas_broad_volume_b_2026-06-27.json
free sms,6600,LOW,1,1164171,23392656,review_or_exclude,keyword_ideas_broad_volume_a_2026-06-27.json
online chatting app,6600,LOW,25,7552199,37074882,review_or_exclude,keyword_ideas_broad_volume_a_2026-06-27.json
bulk whatsapp message,6600,MEDIUM,65,17922975,79524571,block_or_negative,keyword_ideas_broad_volume_a_2026-06-27.json
telegram messenger,5400,LOW,0,1766081,19470610,block_or_negative,keyword_ideas_broad_volume_a_2026-06-27.json
scam whatsapp messages,5400,LOW,0,0,0,block_or_negative,keyword_ideas_broad_volume_b_2026-06-27.json
whatsapp spam,5400,LOW,0,0,0,block_or_negative,keyword_ideas_broad_volume_b_2026-06-27.json
messenger lite,5400,LOW,2,681586,3776099,review_or_exclude,keyword_ideas_broad_volume_a_2026-06-27.json
free sms online,5400,LOW,2,1888049,26159499,block_or_negative,keyword_ideas_broad_volume_a_2026-06-27.json
send free sms online,5400,LOW,2,1133868,30408083,block_or_negative,keyword_ideas_broad_volume_a_2026-06-27.json
whatsapp sender,5400,LOW,10,15557059,64166700,block_or_negative,keyword_ideas_broad_volume_a_2026-06-27.json
whatsapp broadcast,5400,LOW,17,15547525,71167590,block_or_negative,keyword_ideas_broad_volume_a_2026-06-27.json
telegram scams,4400,LOW,0,0,0,block_or_negative,keyword_ideas_broad_volume_b_2026-06-27.json
blast message,4400,LOW,4,8913106,42642270,block_or_negative,keyword_ideas_broad_volume_b_2026-06-27.json
text free,4400,LOW,9,1888049,21315140,block_or_negative,keyword_ideas_broad_volume_a_2026-06-27.json
whatsapp bulk message sender free,4400,LOW,32,15228916,48394497,block_or_negative,keyword_ideas_broad_volume_a_2026-06-27.json
live chat apps,4400,MEDIUM,34,2049855,33040874,review_or_exclude,keyword_ideas_broad_volume_a_2026-06-27.json
messages app download,4400,MEDIUM,36,1628631,7662745,block_or_negative,keyword_ideas_broad_volume_a_2026-06-27.json
mightytext,3600,LOW,0,0,0,block_or_negative,keyword_ideas_broad_volume_a_2026-06-27.json
smishing,3600,LOW,0,555653,1580392,scale_candidate_problem,keyword_ideas_broad_volume_b_2026-06-27.json
sms blast app,3600,LOW,1,12844781,90044502,review_or_exclude,keyword_ideas_broad_volume_a_2026-06-27.json
wechat app,3600,LOW,2,621734,46947307,block_or_negative,keyword_ideas_broad_volume_a_2026-06-27.json
sms app,3600,LOW,23,1302848,6574378,scale_candidate_category,keyword_ideas_broad_volume_a_2026-06-27.json
sms message app,3600,LOW,23,1302848,6574378,scale_candidate_category,keyword_ideas_broad_volume_a_2026-06-27.json
best chat app,3600,MEDIUM,35,11328299,46257224,review_or_exclude,keyword_ideas_broad_volume_a_2026-06-27.json
whatsapp automation,3600,MEDIUM,53,23566073,132110540,block_or_negative,keyword_ideas_broad_volume_a_2026-06-27.json
signal messaging app,2900,LOW,0,2129531,18743899,competitor/default-tool; conquest only if approved,keyword_ideas_broad_volume_a_2026-06-27.json
whatsapp scams,2900,LOW,0,0,0,block_or_negative,keyword_ideas_broad_volume_b_2026-06-27.json
spam text messages,2900,LOW,0,0,0,scale_candidate_problem,keyword_ideas_broad_volume_b_2026-06-27.json
scams on facebook messenger,2900,LOW,0,0,0,block_or_negative,keyword_ideas_broad_volume_b_2026-06-27.json
facebook messenger download,2900,LOW,3,1131225,6470536,block_or_negative,keyword_ideas_broad_volume_a_2026-06-27.json
facebook chat,2400,LOW,0,14494559,25301663,review_or_exclude,keyword_ideas_broad_volume_a_2026-06-27.json
spam sms,2400,LOW,0,0,0,scale_candidate_problem,keyword_ideas_broad_volume_b_2026-06-27.json
text phishing scams,2400,LOW,0,0,0,review_or_exclude,keyword_ideas_broad_volume_b_2026-06-27.json
phishing scam text,2400,LOW,0,0,0,scale_candidate_problem,keyword_ideas_broad_volume_b_2026-06-27.json
spam message sender,2400,LOW,0,0,0,block_or_negative,keyword_ideas_broad_volume_b_2026-06-27.json
spam sms messages,2400,LOW,0,0,0,scale_candidate_problem,keyword_ideas_broad_volume_b_2026-06-27.json
message spam,2400,LOW,0,0,0,broad_discovery_needs_negatives,keyword_ideas_broad_volume_b_2026-06-27.json
signal private messenger,2400,LOW,1,995663,14245337,competitor/default-tool; conquest only if approved,keyword_ideas_broad_volume_a_2026-06-27.json
send free sms online to mobile,2400,LOW,2,2328154,41829653,block_or_negative,keyword_ideas_broad_volume_a_2026-06-27.json
google messenger,2400,LOW,4,1228176,7032514,review_or_exclude,keyword_ideas_broad_volume_a_2026-06-27.json
otp verification,2400,LOW,5,11699962,63281016,review_or_exclude,keyword_ideas_broad_volume_a_2026-06-27.json
telegram app for pc,2400,LOW,6,1185884,2598051,block_or_negative,keyword_ideas_broad_volume_a_2026-06-27.json
texting app,1900,LOW,1,944024,25101247,review_or_exclude,keyword_ideas_broad_volume_a_2026-06-27.json
telegram app download for android,1900,LOW,2,354764,1193908,block_or_negative,keyword_ideas_broad_volume_a_2026-06-27.json
sms backup and restore,1900,LOW,29,677809,2623162,block_or_negative,keyword_ideas_broad_volume_a_2026-06-27.json
twilio whatsapp,1900,MEDIUM,37,19133309,121442208,block_or_negative,keyword_ideas_broad_volume_a_2026-06-27.json
scam message,1600,LOW,0,0,0,scale_candidate_problem,keyword_ideas_broad_volume_b_2026-06-27.json
spam text messages iphone,1600,LOW,0,0,0,block_or_negative,keyword_ideas_broad_volume_b_2026-06-27.json
spam texts iphone,1600,LOW,0,0,0,block_or_negative,keyword_ideas_broad_volume_b_2026-06-27.json
kik app,1600,LOW,1,11157148,45313199,review_or_exclude,keyword_ideas_broad_volume_a_2026-06-27.json
junk email,1600,LOW,1,14654760,86870124,block_or_negative,keyword_ideas_broad_volume_b_2026-06-27.json
send free sms,1600,LOW,2,2574733,60643316,block_or_negative,keyword_ideas_broad_volume_a_2026-06-27.json
teamchat,1600,LOW,4,22149847,206953975,review_or_exclude,keyword_ideas_broad_volume_a_2026-06-27.json
freeotp,1600,LOW,4,2832074,13223618,review_or_exclude,keyword_ideas_broad_volume_a_2026-06-27.json
otp app,1600,LOW,6,2290582,56120303,high_intent_or_utility,keyword_ideas_broad_volume_a_2026-06-27.json
bulk whatsapp,1600,MEDIUM,57,19994355,75521905,block_or_negative,keyword_ideas_broad_volume_a_2026-06-27.json
text free number,1300,LOW,0,944024,4169569,block_or_negative,keyword_ideas_broad_volume_a_2026-06-27.json
phishing text messages,1300,LOW,0,0,0,scale_candidate_problem,keyword_ideas_broad_volume_b_2026-06-27.json
phishing texts,1300,LOW,0,0,0,scale_candidate_problem,keyword_ideas_broad_volume_b_2026-06-27.json
open messages by google,1300,LOW,1,2232335,9076705,competitor/default-tool; conquest only if approved,keyword_ideas_broad_volume_a_2026-06-27.json
facebook messenger app,1300,LOW,2,1003592,3776760,block_or_negative,keyword_ideas_broad_volume_a_2026-06-27.json
text message app,1300,LOW,19,1183146,5655087,scale_candidate_category,keyword_ideas_broad_volume_a_2026-06-27.json
bulk whatsapp sender free,1300,LOW,32,19975946,53950556,block_or_negative,keyword_ideas_broad_volume_a_2026-06-27.json
best video chat app,1300,MEDIUM,60,17936474,103842749,block_or_negative,keyword_ideas_broad_volume_a_2026-06-27.json
fraud message,1000,LOW,0,54866072,192684376,broad_discovery_needs_negatives,keyword_ideas_broad_volume_b_2026-06-27.json
fake text message,1000,LOW,0,0,0,block_or_negative,keyword_ideas_broad_volume_b_2026-06-27.json
scams on whatsapp,1000,LOW,0,0,0,block_or_negative,keyword_ideas_broad_volume_b_2026-06-27.json
free sms number,1000,LOW,1,603326,35772600,review_or_exclude,keyword_ideas_broad_volume_a_2026-06-27.json
spam sms sender,1000,LOW,1,0,0,block_or_negative,keyword_ideas_broad_volume_b_2026-06-27.json
free texting online,1000,LOW,2,1202782,13303955,review_or_exclude,keyword_ideas_broad_volume_a_2026-06-27.json
open my text messages,1000,LOW,2,1177010,8249362,broad_discovery_needs_negatives,keyword_ideas_broad_volume_a_2026-06-27.json
send anonymous text message free,1000,LOW,3,3737017,17293593,block_or_negative,keyword_ideas_broad_volume_a_2026-06-27.json
send anonymous text free,1000,LOW,3,3737017,17293593,block_or_negative,keyword_ideas_broad_volume_a_2026-06-27.json
firebase messaging,1000,LOW,14,118468718,730675349,block_or_negative,keyword_ideas_broad_volume_a_2026-06-27.json
sms blocker,880,LOW,0,0,0,scale_candidate_problem,keyword_ideas_broad_volume_a_2026-06-27.json
block text messages,880,LOW,0,0,0,broad_discovery_needs_negatives,keyword_ideas_broad_volume_b_2026-06-27.json
spam text messages examples,880,LOW,0,0,0,scale_candidate_problem,keyword_ideas_broad_volume_b_2026-06-27.json
mysms,880,LOW,4,793075,4100844,review_or_exclude,keyword_ideas_broad_volume_a_2026-06-27.json
best messaging app for android,880,LOW,6,903620,10159408,scale_candidate_category,keyword_ideas_broad_volume_a_2026-06-27.json
autoresponder whatsapp,880,LOW,6,7679454,80018013,block_or_negative,keyword_ideas_broad_volume_a_2026-06-27.json
sms scam,720,LOW,0,0,0,scale_candidate_problem,keyword_ideas_broad_volume_b_2026-06-27.json
otp scam,720,LOW,0,0,0,high_intent_or_utility,keyword_ideas_broad_volume_b_2026-06-27.json
fake number sms,720,LOW,0,0,0,review_or_exclude,keyword_ideas_broad_volume_b_2026-06-27.json
online chatting platform,720,LOW,2,12624351,53946119,review_or_exclude,keyword_ideas_broad_volume_a_2026-06-27.json
firebase push notification,720,LOW,8,140916783,600211850,block_or_negative,keyword_ideas_broad_volume_a_2026-06-27.json
default sms app,720,MEDIUM,40,2078648,8917165,scale_candidate_category,keyword_ideas_broad_volume_a_2026-06-27.json
bulk message sender whatsapp,720,MEDIUM,49,20355727,63094949,block_or_negative,keyword_ideas_broad_volume_a_2026-06-27.json
best free chat apps,720,MEDIUM,56,4587206,20768549,review_or_exclude,keyword_ideas_broad_volume_a_2026-06-27.json
phishing sms,590,LOW,0,0,0,scale_candidate_problem,keyword_ideas_broad_volume_b_2026-06-27.json
my otp,590,LOW,0,0,0,review_or_exclude,keyword_ideas_broad_volume_b_2026-06-27.json
unknown text message,590,LOW,0,0,0,broad_discovery_needs_negatives,keyword_ideas_broad_volume_b_2026-06-27.json
fraud text message,590,LOW,0,0,0,broad_discovery_needs_negatives,keyword_ideas_broad_volume_b_2026-06-27.json
hangouts chat,590,LOW,1,32186815,67409521,review_or_exclude,keyword_ideas_broad_volume_a_2026-06-27.json
free sms receive,590,LOW,1,944024,18880499,review_or_exclude,keyword_ideas_broad_volume_a_2026-06-27.json
otp mobile,590,LOW,1,14419981,58815306,review_or_exclude,keyword_ideas_broad_volume_b_2026-06-27.json
sms organizer,590,LOW,2,1101677,7613561,high_intent_or_utility,keyword_ideas_broad_volume_a_2026-06-27.json
telegram windows,590,LOW,2,0,0,block_or_negative,keyword_ideas_broad_volume_a_2026-06-27.json
free sms app,590,LOW,7,1145102,6170808,scale_candidate_category,keyword_ideas_broad_volume_a_2026-06-27.json
android messages app,590,LOW,9,1360434,5100283,competitor/default-tool; conquest only if approved,keyword_ideas_broad_volume_a_2026-06-27.json
messaging apps for android,590,LOW,9,1360434,5100283,scale_candidate_category,keyword_ideas_broad_volume_a_2026-06-27.json
otp sms,590,LOW,10,14230421,77708173,high_intent_or_utility,keyword_ideas_broad_volume_a_2026-06-27.json
sms backup,590,LOW,12,676771,2832074,block_or_negative,keyword_ideas_broad_volume_a_2026-06-27.json
best live video chat app,590,LOW,12,15104399,95008092,block_or_negative,keyword_ideas_broad_volume_a_2026-06-27.json
whatsender,590,MEDIUM,34,25388136,121408223,block_or_negative,keyword_ideas_broad_volume_a_2026-06-27.json
bank sms alert,480,LOW,0,0,0,review_or_exclude,keyword_ideas_broad_volume_b_2026-06-27.json
fake texts,480,LOW,0,0,0,block_or_negative,keyword_ideas_broad_volume_b_2026-06-27.json
telegram messenger app,480,LOW,1,0,0,block_or_negative,keyword_ideas_broad_volume_a_2026-06-27.json
free chatting apps without payment,480,LOW,2,937605,5339122,review_or_exclude,keyword_ideas_broad_volume_a_2026-06-27.json
sms otp verification,480,LOW,13,11605748,117679041,review_or_exclude,keyword_ideas_broad_volume_a_2026-06-27.json
best online chat app,480,MEDIUM,43,10492743,55697474,review_or_exclude,keyword_ideas_broad_volume_a_2026-06-27.json
slack messaging,390,LOW,0,0,0,block_or_negative,keyword_ideas_broad_volume_a_2026-06-27.json
spam text,390,LOW,0,0,0,scale_candidate_problem,keyword_ideas_broad_volume_b_2026-06-27.json
phishing messages,390,LOW,0,0,0,broad_discovery_needs_negatives,keyword_ideas_broad_volume_b_2026-06-27.json
messenger scams,390,LOW,0,0,0,review_or_exclude,keyword_ideas_broad_volume_b_2026-06-27.json
reporting spam texts,390,LOW,0,0,0,scale_candidate_problem,keyword_ideas_broad_volume_b_2026-06-27.json
gmail chat app,390,LOW,1,28990724,88100472,review_or_exclude,keyword_ideas_broad_volume_a_2026-06-27.json
microsoft sms organiser,390,LOW,1,871240,6512639,competitor/default-tool; conquest only if approved,keyword_ideas.json
microsoft sms organizer,390,LOW,1,871240,6512639,competitor/default-tool; conquest only if approved,keyword_ideas.json
sms organizer by microsoft,390,LOW,1,871240,6512639,competitor/default-tool; conquest only if approved,keyword_ideas.json
sms organizer microsoft,390,LOW,1,871240,6512639,competitor/default-tool; conquest only if approved,keyword_ideas.json
android messages,390,LOW,2,1014449,7318459,competitor/default-tool; conquest only if approved,keyword_ideas_broad_volume_a_2026-06-27.json
online otp,390,LOW,2,0,0,review_or_exclude,keyword_ideas_broad_volume_b_2026-06-27.json
free text app,390,LOW,6,1547634,12675423,review_or_exclude,keyword_ideas_broad_volume_a_2026-06-27.json
free text messaging app,390,LOW,6,1547634,12675423,broad_discovery_needs_negatives,keyword_ideas_broad_volume_a_2026-06-27.json
marketing text message service,390,LOW,15,29541563,101037674,block_or_negative,keyword_ideas_broad_volume_a_2026-06-27.json
twilio whatsapp pricing,390,LOW,23,12717338,101289351,block_or_negative,keyword_ideas_broad_volume_a_2026-06-27.json
automate whatsapp messages,390,MEDIUM,47,19589745,176736773,block_or_negative,keyword_ideas_broad_volume_a_2026-06-27.json
sms filter,320,LOW,0,0,0,scale_candidate_problem,keyword_ideas_broad_volume_a_2026-06-27.json
text blast app,320,LOW,0,0,0,review_or_exclude,keyword_ideas_broad_volume_a_2026-06-27.json
bank otp,320,LOW,0,0,0,high_intent_or_utility,keyword_ideas_broad_volume_b_2026-06-27.json
sms fraud,320,LOW,0,0,0,scale_candidate_problem,keyword_ideas_broad_volume_b_2026-06-27.json
spam whatsapp,320,LOW,0,0,0,block_or_negative,keyword_ideas_broad_volume_b_2026-06-27.json
google hangouts chat,320,LOW,1,43284773,79403453,review_or_exclude,keyword_ideas_broad_volume_a_2026-06-27.json
free sms api,320,LOW,20,13386463,49345130,block_or_negative,keyword_ideas_broad_volume_a_2026-06-27.json
text me app,320,LOW,29,1796290,11395797,review_or_exclude,keyword_ideas_broad_volume_a_2026-06-27.json
sms providers,320,MEDIUM,42,21775919,102333348,review_or_exclude,keyword_ideas_broad_volume_a_2026-06-27.json
telegram android,260,LOW,0,0,0,block_or_negative,keyword_ideas_broad_volume_a_2026-06-27.json
telegram mac,260,LOW,0,0,0,block_or_negative,keyword_ideas_broad_volume_a_2026-06-27.json
text subscriber,260,LOW,0,0,0,review_or_exclude,keyword_ideas_broad_volume_b_2026-06-27.json
free fake text message,260,LOW,0,0,0,block_or_negative,keyword_ideas_broad_volume_b_2026-06-27.json
free sms service,260,LOW,2,1058724,214000460,review_or_exclude,keyword_ideas_broad_volume_a_2026-06-27.json
send free text message,260,LOW,3,855286,6567865,block_or_negative,keyword_ideas_broad_volume_a_2026-06-27.json
sms tracker,260,LOW,3,0,0,review_or_exclude,keyword_ideas_broad_volume_a_2026-06-27.json
group chat apps,260,LOW,15,9440249,55697474,review_or_exclude,keyword_ideas_broad_volume_a_2026-06-27.json
messenger app download free for android,260,LOW,18,944024,4296918,block_or_negative,keyword_ideas_broad_volume_a_2026-06-27.json
free messaging apps,260,LOW,21,1123767,8743653,broad_discovery_needs_negatives,keyword_ideas_broad_volume_a_2026-06-27.json
bulk sms app,260,MEDIUM,45,8619609,55010130,block_or_negative,keyword_ideas_broad_volume_a_2026-06-27.json
otp fraud,210,LOW,0,0,0,high_intent_or_utility,keyword_ideas_broad_volume_b_2026-06-27.json
robotext,210,LOW,0,0,0,review_or_exclude,keyword_ideas_broad_volume_b_2026-06-27.json
text me now,210,LOW,1,0,0,review_or_exclude,keyword_ideas_broad_volume_a_2026-06-27.json
encrypted messaging app,210,LOW,1,3054770,37361394,broad_discovery_needs_negatives,keyword_ideas_broad_volume_a_2026-06-27.json
spam message blocker,210,LOW,1,0,0,broad_discovery_needs_negatives,keyword_ideas_broad_volume_b_2026-06-27.json
signal private messenger app,210,LOW,4,814787,5597029,competitor/default-tool; conquest only if approved,keyword_ideas_broad_volume_a_2026-06-27.json
anonymous texting app,210,LOW,5,5418325,25367462,block_or_negative,keyword_ideas_broad_volume_a_2026-06-27.json
google messenger app,210,LOW,19,1036633,6205170,review_or_exclude,keyword_ideas_broad_volume_a_2026-06-27.json
group text,170,LOW,0,0,0,review_or_exclude,keyword_ideas_broad_volume_a_2026-06-27.json
group text message,170,LOW,0,0,0,broad_discovery_needs_negatives,keyword_ideas_broad_volume_a_2026-06-27.json
ifake text message,170,LOW,0,0,0,block_or_negative,keyword_ideas_broad_volume_b_2026-06-27.json
free sms verification,170,LOW,2,1888049,41423061,review_or_exclude,keyword_ideas_broad_volume_a_2026-06-27.json
business text messaging,170,LOW,5,21346954,107669921,block_or_negative,keyword_ideas_broad_volume_a_2026-06-27.json
messages by google app,170,LOW,12,1292936,3875600,competitor/default-tool; conquest only if approved,keyword_ideas_broad_volume_a_2026-06-27.json
twilio otp pricing,170,LOW,29,12272513,150614940,review_or_exclude,keyword_ideas_broad_volume_a_2026-06-27.json
google chat app android,140,LOW,0,0,0,review_or_exclude,keyword_ideas_broad_volume_a_2026-06-27.json
stop spam texts,140,LOW,0,0,0,scale_candidate_problem,keyword_ideas_broad_volume_b_2026-06-27.json
stop spam text messages,140,LOW,0,0,0,scale_candidate_problem,keyword_ideas_broad_volume_b_2026-06-27.json
text message inbox,140,LOW,0,0,0,broad_discovery_needs_negatives,keyword_ideas_broad_volume_b_2026-06-27.json
instagram phishing message,140,LOW,0,0,0,broad_discovery_needs_negatives,keyword_ideas_broad_volume_b_2026-06-27.json
block text messages iphone,140,LOW,0,0,0,block_or_negative,keyword_ideas_broad_volume_b_2026-06-27.json
otp online,140,LOW,1,0,0,review_or_exclude,keyword_ideas_broad_volume_b_2026-06-27.json
spam sms blocker,140,LOW,2,0,0,scale_candidate_problem,keyword_ideas_broad_volume_a_2026-06-27.json
sms spam blocker,140,LOW,2,0,0,review_or_exclude,keyword_ideas_broad_volume_b_2026-06-27.json
in app messaging,140,LOW,4,0,0,broad_discovery_needs_negatives,keyword_ideas_broad_volume_a_2026-06-27.json
best sms app,140,LOW,5,1614471,17215145,scale_candidate_category,keyword_ideas_broad_volume_a_2026-06-27.json
free text and call app,140,LOW,8,2444647,16258281,review_or_exclude,keyword_ideas_broad_volume_a_2026-06-27.json
sms inbox,140,LOW,8,1323051,4933097,scale_candidate_problem,keyword_ideas_broad_volume_b_2026-06-27.json
mass text app,110,LOW,0,0,0,block_or_negative,keyword_ideas_broad_volume_a_2026-06-27.json
mass text messaging app,110,LOW,0,0,0,block_or_negative,keyword_ideas_broad_volume_a_2026-06-27.json
spam messages on iphone,110,LOW,0,0,0,block_or_negative,keyword_ideas_broad_volume_b_2026-06-27.json
otp internet banking,110,LOW,0,0,0,review_or_exclude,keyword_ideas_broad_volume_b_2026-06-27.json
best texting app,110,LOW,3,14324635,61703645,review_or_exclude,keyword_ideas_broad_volume_a_2026-06-27.json
online texting app,110,LOW,7,4381125,20423980,review_or_exclude,keyword_ideas_broad_volume_a_2026-06-27.json
message and call tracker,110,LOW,11,1748334,20768549,broad_discovery_needs_negatives,keyword_ideas_broad_volume_a_2026-06-27.json
telegram scammer report,90,LOW,0,0,0,block_or_negative,keyword_ideas_broad_volume_b_2026-06-27.json
text free online send and receive text messages,90,LOW,1,0,0,block_or_negative,keyword_ideas_broad_volume_a_2026-06-27.json
smishing phishing,90,LOW,1,0,0,scale_candidate_problem,keyword_ideas_broad_volume_b_2026-06-27.json
get free sms number,90,LOW,4,3479959,20896842,review_or_exclude,keyword_ideas_broad_volume_a_2026-06-27.json
best text messaging app,90,LOW,6,704997,13325384,broad_discovery_needs_negatives,keyword_ideas_broad_volume_a_2026-06-27.json
team chat app,90,LOW,11,38315237,259036306,review_or_exclude,keyword_ideas_broad_volume_a_2026-06-27.json
text and call app,90,LOW,13,4018431,21460803,review_or_exclude,keyword_ideas_broad_volume_a_2026-06-27.json
voice to text iphone,90,LOW,14,6577399,24777352,block_or_negative,keyword_ideas_broad_volume_a_2026-06-27.json
send a text message online from a fake number,70,LOW,0,0,0,broad_discovery_needs_negatives,keyword_ideas_broad_volume_b_2026-06-27.json
unwanted text messages,70,LOW,0,0,0,broad_discovery_needs_negatives,keyword_ideas_broad_volume_b_2026-06-27.json
i got scammed on telegram,70,LOW,0,0,0,block_or_negative,keyword_ideas_broad_volume_b_2026-06-27.json
block text messages android,70,LOW,0,0,0,broad_discovery_needs_negatives,keyword_ideas_broad_volume_b_2026-06-27.json
block texts android,70,LOW,0,0,0,review_or_exclude,keyword_ideas_broad_volume_b_2026-06-27.json
text reminders,70,LOW,1,0,0,review_or_exclude,keyword_ideas_broad_volume_a_2026-06-27.json
sms manager,70,LOW,2,0,0,review_or_exclude,keyword_ideas_broad_volume_a_2026-06-27.json
free sms text,70,LOW,2,0,0,review_or_exclude,keyword_ideas_broad_volume_a_2026-06-27.json
fake text number,70,LOW,2,0,0,block_or_negative,keyword_ideas_broad_volume_b_2026-06-27.json
spam stop,70,LOW,2,944024,7129654,review_or_exclude,keyword_ideas_broad_volume_b_2026-06-27.json
spam junk email folder,70,LOW,2,0,0,block_or_negative,keyword_ideas_broad_volume_b_2026-06-27.json
send 1000 sms at a time free online,70,LOW,4,0,0,review_or_exclude,keyword_ideas_broad_volume_a_2026-06-27.json
txtdrop,70,LOW,24,6125589,33626453,review_or_exclude,keyword_ideas_broad_volume_a_2026-06-27.json
send 1000 text messages at once app,70,LOW,25,8931326,23878262,broad_discovery_needs_negatives,keyword_ideas_broad_volume_a_2026-06-27.json
scammed on telegram,50,LOW,0,0,0,block_or_negative,keyword_ideas_broad_volume_b_2026-06-27.json
sms phishing attack,50,LOW,1,0,0,review_or_exclude,keyword_ideas_broad_volume_b_2026-06-27.json
phishing alerts,50,LOW,2,0,0,review_or_exclude,keyword_ideas_broad_volume_b_2026-06-27.json
send fake sms from any number,50,LOW,4,0,0,block_or_negative,keyword_ideas_broad_volume_b_2026-06-27.json
group text app,50,LOW,6,7412861,60417599,review_or_exclude,keyword_ideas_broad_volume_a_2026-06-27.json
group messaging apps,50,LOW,6,7412861,60417599,broad_discovery_needs_negatives,keyword_ideas_broad_volume_a_2026-06-27.json
imessage for business,50,LOW,6,0,0,broad_discovery_needs_negatives,keyword_ideas_broad_volume_a_2026-06-27.json
sms organizer app,50,LOW,7,724444,4287572,high_intent_or_utility,keyword_ideas.json
free text app for android,50,LOW,13,2085540,20838030,review_or_exclude,keyword_ideas_broad_volume_a_2026-06-27.json
google chat app iphone,40,LOW,0,0,0,block_or_negative,keyword_ideas_broad_volume_a_2026-06-27.json
random text messages from unknown numbers,40,LOW,0,0,0,broad_discovery_needs_negatives,keyword_ideas_broad_volume_b_2026-06-27.json
sms organiser,40,LOW,1,0,0,high_intent_or_utility,keyword_ideas_broad_volume_a_2026-06-27.json
free text and call online,40,LOW,1,0,0,review_or_exclude,keyword_ideas_broad_volume_a_2026-06-27.json
send spam text messages,40,LOW,1,0,0,scale_candidate_problem,keyword_ideas_broad_volume_b_2026-06-27.json
send spam texts,40,LOW,1,0,0,scale_candidate_problem,keyword_ideas_broad_volume_b_2026-06-27.json
spam gmail,40,LOW,2,0,0,review_or_exclude,keyword_ideas_broad_volume_b_2026-06-27.json
stop spam messages,40,LOW,4,0,0,scale_candidate_problem,keyword_ideas_broad_volume_b_2026-06-27.json
sms app android,40,LOW,22,3087716,15679688,scale_candidate_category,keyword_ideas_broad_volume_a_2026-06-27.json
best text messaging service for business,40,LOW,27,21926113,123542946,broad_discovery_needs_negatives,keyword_ideas_broad_volume_a_2026-06-27.json
best business texting services,40,LOW,27,21926113,123542946,block_or_negative,keyword_ideas_broad_volume_a_2026-06-27.json
texting app for computer,30,LOW,0,0,0,review_or_exclude,keyword_ideas_broad_volume_a_2026-06-27.json
com samsung android messaging,30,LOW,0,0,0,broad_discovery_needs_negatives,keyword_ideas_broad_volume_a_2026-06-27.json
text app for pc,30,LOW,0,0,0,block_or_negative,keyword_ideas_broad_volume_a_2026-06-27.json
fake phone number text,30,LOW,0,0,0,review_or_exclude,keyword_ideas_broad_volume_b_2026-06-27.json
send fake text messages from different number,30,LOW,0,0,0,block_or_negative,keyword_ideas_broad_volume_b_2026-06-27.json
spam someone with texts,30,LOW,0,0,0,review_or_exclude,keyword_ideas_broad_volume_b_2026-06-27.json
sms phishing example,30,LOW,0,0,0,review_or_exclude,keyword_ideas_broad_volume_b_2026-06-27.json
sms organizer apk,30,LOW,0,0,0,block_or_negative,keyword_ideas.json
apple messages for business,30,LOW,2,0,0,broad_discovery_needs_negatives,keyword_ideas_broad_volume_a_2026-06-27.json
best sms organizer app for android,30,LOW,2,0,0,high_intent_or_utility,keyword_ideas_play_url_volume_2026-06-27.json
phone number verification app,30,LOW,3,0,0,review_or_exclude,keyword_ideas_broad_volume_a_2026-06-27.json
google text app,30,LOW,4,0,0,review_or_exclude,keyword_ideas_broad_volume_a_2026-06-27.json
send a fake text,30,LOW,6,0,0,block_or_negative,keyword_ideas_broad_volume_b_2026-06-27.json
texting platform,30,LOW,16,37317874,243448376,review_or_exclude,keyword_ideas_broad_volume_a_2026-06-27.json
text messaging service for business,30,LOW,17,22464396,157293256,broad_discovery_needs_negatives,keyword_ideas_broad_volume_a_2026-06-27.json
best group chat app,30,LOW,21,13216349,66576796,review_or_exclude,keyword_ideas_broad_volume_a_2026-06-27.json
best sms api,30,MEDIUM,38,28125525,116354857,block_or_negative,keyword_ideas_broad_volume_a_2026-06-27.json
ayoba app,20,LOW,0,0,0,review_or_exclude,keyword_ideas_broad_volume_a_2026-06-27.json
texting apps for iphone,20,LOW,0,0,0,block_or_negative,keyword_ideas_broad_volume_a_2026-06-27.json
receiving text messages from random numbers,20,LOW,0,0,0,broad_discovery_needs_negatives,keyword_ideas_broad_volume_b_2026-06-27.json
telegram app scams,20,LOW,0,0,0,block_or_negative,keyword_ideas_broad_volume_b_2026-06-27.json
657 area code text message,20,LOW,0,0,0,broad_discovery_needs_negatives,keyword_ideas_broad_volume_b_2026-06-27.json
smishing text messages,20,LOW,0,0,0,scale_candidate_problem,keyword_ideas_broad_volume_b_2026-06-27.json
phishing messages examples,20,LOW,0,0,0,broad_discovery_needs_negatives,keyword_ideas_broad_volume_b_2026-06-27.json
online fake phone number,20,LOW,0,0,0,review_or_exclude,keyword_ideas_broad_volume_b_2026-06-27.json
prevent spam,20,LOW,0,0,0,review_or_exclude,keyword_ideas_broad_volume_b_2026-06-27.json
telegram investment scams,20,LOW,0,0,0,block_or_negative,keyword_ideas_broad_volume_b_2026-06-27.json
automated text service,20,LOW,7,0,0,review_or_exclude,keyword_ideas_broad_volume_a_2026-06-27.json
automated text message free,20,LOW,7,0,0,broad_discovery_needs_negatives,keyword_ideas_broad_volume_a_2026-06-27.json
best sms organizer app,20,LOW,8,0,0,high_intent_or_utility,keyword_ideas_play_url_volume_2026-06-27.json
sms organiser app,20,LOW,8,1262822,4869564,high_intent_or_utility,keyword_ideas_play_url_volume_2026-06-27.json
sms verification app,20,LOW,10,6770075,24823609,review_or_exclude,keyword_ideas_broad_volume_a_2026-06-27.json
block spam mail,20,LOW,14,0,0,review_or_exclude,keyword_ideas_broad_volume_b_2026-06-27.json
stop spam mails,20,LOW,14,0,0,scale_candidate_problem,keyword_ideas_broad_volume_b_2026-06-27.json
free call and sms tracker online,20,LOW,19,0,0,review_or_exclude,keyword_ideas_broad_volume_a_2026-06-27.json
text message service,20,LOW,29,13995265,43717703,broad_discovery_needs_negatives,keyword_ideas_broad_volume_a_2026-06-27.json
spam text blocker,10,UNSPECIFIED,0,0,0,scale_candidate_problem,keyword_ideas_broad_volume_a_2026-06-27.json
google chat app free download,10,LOW,0,0,0,block_or_negative,keyword_ideas_broad_volume_a_2026-06-27.json
mass texting service for business,10,UNSPECIFIED,0,0,0,block_or_negative,keyword_ideas_broad_volume_a_2026-06-27.json
best mass texting service,10,LOW,0,0,0,block_or_negative,keyword_ideas_broad_volume_a_2026-06-27.json
business texting app,10,LOW,0,0,0,block_or_negative,keyword_ideas_broad_volume_a_2026-06-27.json
free mass texting app,10,LOW,0,0,0,block_or_negative,keyword_ideas_broad_volume_a_2026-06-27.json
twilio texting app,10,UNSPECIFIED,0,0,0,review_or_exclude,keyword_ideas_broad_volume_a_2026-06-27.json
best hipaa compliant text messaging app,10,UNSPECIFIED,0,0,0,broad_discovery_needs_negatives,keyword_ideas_broad_volume_a_2026-06-27.json
group texting app for business,10,UNSPECIFIED,0,0,0,review_or_exclude,keyword_ideas_broad_volume_a_2026-06-27.json
best texting app for business,10,UNSPECIFIED,0,0,0,review_or_exclude,keyword_ideas_broad_volume_a_2026-06-27.json
text app number,10,LOW,0,0,0,review_or_exclude,keyword_ideas_broad_volume_a_2026-06-27.json
best automated text message service,10,UNSPECIFIED,0,0,0,broad_discovery_needs_negatives,keyword_ideas_broad_volume_a_2026-06-27.json
mass texting app for business,10,LOW,0,0,0,block_or_negative,keyword_ideas_broad_volume_a_2026-06-27.json
text marketing app,10,LOW,0,0,0,block_or_negative,keyword_ideas_broad_volume_a_2026-06-27.json
free phone number for verification app,10,UNSPECIFIED,0,0,0,review_or_exclude,keyword_ideas_broad_volume_a_2026-06-27.json
phone number for verification app,10,UNSPECIFIED,0,0,0,review_or_exclude,keyword_ideas_broad_volume_a_2026-06-27.json
text message app for business,10,LOW,0,0,0,scale_candidate_category,keyword_ideas_broad_volume_a_2026-06-27.json
best sms marketing app for shopify,10,LOW,0,0,0,block_or_negative,keyword_ideas_broad_volume_a_2026-06-27.json
free text marketing app,10,UNSPECIFIED,0,0,0,block_or_negative,keyword_ideas_broad_volume_a_2026-06-27.json
free text blast service,10,LOW,0,0,0,review_or_exclude,keyword_ideas_broad_volume_a_2026-06-27.json
free mass text messaging app,10,LOW,0,0,0,block_or_negative,keyword_ideas_broad_volume_a_2026-06-27.json
wifi texting app,10,LOW,0,0,0,review_or_exclude,keyword_ideas_broad_volume_a_2026-06-27.json
free texting app for pc,10,LOW,0,0,0,block_or_negative,keyword_ideas_broad_volume_a_2026-06-27.json
texting app for computer free,10,LOW,0,0,0,review_or_exclude,keyword_ideas_broad_volume_a_2026-06-27.json
mass text messaging app for business,10,LOW,0,0,0,block_or_negative,keyword_ideas_broad_volume_a_2026-06-27.json
best texting platform for business,10,UNSPECIFIED,0,0,0,review_or_exclude,keyword_ideas_broad_volume_a_2026-06-27.json
best text blast app,10,UNSPECIFIED,0,0,0,review_or_exclude,keyword_ideas_broad_volume_a_2026-06-27.json
send text from fake number,10,LOW,0,0,0,review_or_exclude,keyword_ideas_broad_volume_b_2026-06-27.json
sms sender for spamming,10,UNSPECIFIED,0,0,0,block_or_negative,keyword_ideas_broad_volume_b_2026-06-27.json
text someone from a fake number,10,LOW,0,0,0,review_or_exclude,keyword_ideas_broad_volume_b_2026-06-27.json
shared sms inbox,10,LOW,0,0,0,scale_candidate_problem,keyword_ideas_broad_volume_b_2026-06-27.json
best sms sender for spamming,10,UNSPECIFIED,0,0,0,block_or_negative,keyword_ideas_broad_volume_b_2026-06-27.json
best sms gateway for spamming,10,UNSPECIFIED,0,0,0,block_or_negative,keyword_ideas_broad_volume_b_2026-06-27.json
bulk sms sender for spamming,10,UNSPECIFIED,0,0,0,block_or_negative,keyword_ideas_broad_volume_b_2026-06-27.json
sms gateway for spamming,10,UNSPECIFIED,0,0,0,block_or_negative,keyword_ideas_broad_volume_b_2026-06-27.json
spam filter android,10,LOW,0,0,0,review_or_exclude,keyword_ideas_broad_volume_b_2026-06-27.json
send annoying texts,10,LOW,0,0,0,review_or_exclude,keyword_ideas_broad_volume_b_2026-06-27.json
block spam texts android,10,LOW,0,0,0,scale_candidate_problem,keyword_ideas_broad_volume_b_2026-06-27.json
block spam texts iphone,10,LOW,0,0,0,block_or_negative,keyword_ideas_broad_volume_b_2026-06-27.json
use a fake number to text,10,UNSPECIFIED,0,0,0,review_or_exclude,keyword_ideas_broad_volume_b_2026-06-27.json
stop spam texts iphone,10,UNSPECIFIED,0,0,0,block_or_negative,keyword_ideas_broad_volume_b_2026-06-27.json
app to block spam texts,10,UNSPECIFIED,0,0,0,scale_candidate_problem,keyword_ideas_broad_volume_b_2026-06-27.json
stop unwanted texts,10,LOW,0,0,0,review_or_exclude,keyword_ideas_broad_volume_b_2026-06-27.json
786 area code text message,10,LOW,0,0,0,broad_discovery_needs_negatives,keyword_ideas_broad_volume_b_2026-06-27.json
block unwanted texts,10,LOW,0,0,0,review_or_exclude,keyword_ideas_broad_volume_b_2026-06-27.json
local hookup facebook messages spam,10,UNSPECIFIED,0,0,0,broad_discovery_needs_negatives,keyword_ideas_broad_volume_b_2026-06-27.json
fake number to receive texts,10,LOW,0,0,0,review_or_exclude,keyword_ideas_broad_volume_b_2026-06-27.json
347 area code text message,10,LOW,0,0,0,broad_discovery_needs_negatives,keyword_ideas_broad_volume_b_2026-06-27.json
best spam text blocker,10,UNSPECIFIED,0,0,0,scale_candidate_problem,keyword_ideas_broad_volume_b_2026-06-27.json
stop spam texts android,10,UNSPECIFIED,0,0,0,scale_candidate_problem,keyword_ideas_broad_volume_b_2026-06-27.json
free spam text blocker,10,UNSPECIFIED,0,0,0,scale_candidate_problem,keyword_ideas_broad_volume_b_2026-06-27.json
keep getting spam texts,10,UNSPECIFIED,0,0,0,scale_candidate_problem,keyword_ideas_broad_volume_b_2026-06-27.json
sms toll fraud,10,LOW,0,0,0,review_or_exclude,keyword_ideas_broad_volume_b_2026-06-27.json
virtual sms inbox,10,UNSPECIFIED,0,0,0,scale_candidate_problem,keyword_ideas_broad_volume_b_2026-06-27.json
got scammed on telegram,10,LOW,0,0,0,block_or_negative,keyword_ideas_broad_volume_b_2026-06-27.json
fake number to text someone,10,UNSPECIFIED,0,0,0,review_or_exclude,keyword_ideas_broad_volume_b_2026-06-27.json
mustache anonymous texting,10,LOW,0,0,0,block_or_negative,keyword_ideas_broad_volume_b_2026-06-27.json
text using fake number,10,UNSPECIFIED,0,0,0,review_or_exclude,keyword_ideas_broad_volume_b_2026-06-27.json
fake phone number to receive texts,10,LOW,0,0,0,review_or_exclude,keyword_ideas_broad_volume_b_2026-06-27.json
spam text blocker iphone,10,UNSPECIFIED,0,0,0,block_or_negative,keyword_ideas_broad_volume_b_2026-06-27.json
spoof text free send and receive,10,UNSPECIFIED,0,0,0,block_or_negative,keyword_ideas_broad_volume_b_2026-06-27.json
hi mum scam,10,LOW,0,0,0,review_or_exclude,keyword_ideas_broad_volume_b_2026-06-27.json
text off a fake number,10,UNSPECIFIED,0,0,0,review_or_exclude,keyword_ideas_broad_volume_b_2026-06-27.json
get rid of spam texts,10,UNSPECIFIED,0,0,0,scale_candidate_problem,keyword_ideas_broad_volume_b_2026-06-27.json
dummy phone number to receive text,10,UNSPECIFIED,0,0,0,review_or_exclude,keyword_ideas_broad_volume_b_2026-06-27.json
phone sms inbox,10,UNSPECIFIED,0,0,0,scale_candidate_problem,keyword_ideas_broad_volume_b_2026-06-27.json
best text spam blocker,10,UNSPECIFIED,0,0,0,review_or_exclude,keyword_ideas_broad_volume_b_2026-06-27.json
block phishing texts,10,UNSPECIFIED,0,0,0,scale_candidate_problem,keyword_ideas_broad_volume_b_2026-06-27.json
twilio sms inbox,10,UNSPECIFIED,0,0,0,scale_candidate_problem,keyword_ideas_broad_volume_b_2026-06-27.json
twilio sms unsubscribe,10,UNSPECIFIED,0,0,0,review_or_exclude,keyword_ideas_broad_volume_b_2026-06-27.json
get rid of spam messages,10,LOW,0,0,0,scale_candidate_problem,keyword_ideas_broad_volume_b_2026-06-27.json
sms confirmation message,10,LOW,0,0,0,broad_discovery_needs_negatives,keyword_ideas_broad_volume_b_2026-06-27.json
stop phishing texts,10,UNSPECIFIED,0,0,0,scale_candidate_problem,keyword_ideas_broad_volume_b_2026-06-27.json
send fake text to yourself,10,UNSPECIFIED,0,0,0,block_or_negative,keyword_ideas_broad_volume_b_2026-06-27.json
fraud detection message center,10,UNSPECIFIED,0,0,0,broad_discovery_needs_negatives,keyword_ideas_broad_volume_b_2026-06-27.json
app to stop spam texts,10,UNSPECIFIED,0,0,0,scale_candidate_problem,keyword_ideas_broad_volume_b_2026-06-27.json
stop spam calls and texts,10,UNSPECIFIED,0,0,0,scale_candidate_problem,keyword_ideas_broad_volume_b_2026-06-27.json
send whatsapp message from fake number online,10,UNSPECIFIED,0,0,0,block_or_negative,keyword_ideas_broad_volume_b_2026-06-27.json
stop getting spam texts,10,LOW,0,0,0,scale_candidate_problem,keyword_ideas_broad_volume_b_2026-06-27.json
free anti spam,10,UNSPECIFIED,0,0,0,review_or_exclude,keyword_ideas_broad_volume_b_2026-06-27.json
block unknown texts iphone,10,UNSPECIFIED,0,0,0,block_or_negative,keyword_ideas_broad_volume_b_2026-06-27.json
otp phishing,10,UNSPECIFIED,0,0,0,review_or_exclude,keyword_ideas_broad_volume_b_2026-06-27.json
remove junk email,10,UNSPECIFIED,0,0,0,block_or_negative,keyword_ideas_broad_volume_b_2026-06-27.json
block unwanted text messages,10,LOW,0,0,0,broad_discovery_needs_negatives,keyword_ideas_broad_volume_b_2026-06-27.json
sms phishing protection,10,UNSPECIFIED,0,0,0,review_or_exclude,keyword_ideas_broad_volume_b_2026-06-27.json
block all spam messages,10,LOW,0,0,0,scale_candidate_problem,keyword_ideas_broad_volume_b_2026-06-27.json
textkiller spam text blocker,10,LOW,0,0,0,scale_candidate_problem,keyword_ideas_broad_volume_b_2026-06-27.json
best spam text blocker for iphone,10,UNSPECIFIED,0,0,0,block_or_negative,keyword_ideas_broad_volume_b_2026-06-27.json
whatsapp spammer online,10,LOW,0,0,0,block_or_negative,keyword_ideas_broad_volume_b_2026-06-27.json
unsolicited email messages,10,UNSPECIFIED,0,0,0,block_or_negative,keyword_ideas_broad_volume_b_2026-06-27.json
apps that block spam texts,10,UNSPECIFIED,0,0,0,scale_candidate_problem,keyword_ideas_broad_volume_b_2026-06-27.json
fake number for verification text,10,UNSPECIFIED,0,0,0,review_or_exclude,keyword_ideas_broad_volume_b_2026-06-27.json
send annoying texts free,10,LOW,0,0,0,review_or_exclude,keyword_ideas_broad_volume_b_2026-06-27.json
scammers texting me,10,UNSPECIFIED,0,0,0,review_or_exclude,keyword_ideas_broad_volume_b_2026-06-27.json
threatening text messages asking for money,10,LOW,0,0,0,broad_discovery_needs_negatives,keyword_ideas_broad_volume_b_2026-06-27.json
free text spam blocker,10,UNSPECIFIED,0,0,0,review_or_exclude,keyword_ideas_broad_volume_b_2026-06-27.json
fake automated text message,10,LOW,0,0,0,broad_discovery_needs_negatives,keyword_ideas_broad_volume_b_2026-06-27.json
removing email from spam lists,10,LOW,0,0,0,block_or_negative,keyword_ideas_broad_volume_b_2026-06-27.json
text message spam blocker,10,UNSPECIFIED,0,0,0,broad_discovery_needs_negatives,keyword_ideas_broad_volume_b_2026-06-27.json
845 area code text message,10,LOW,0,0,0,broad_discovery_needs_negatives,keyword_ideas_broad_volume_b_2026-06-27.json
text yourself from fake number,10,UNSPECIFIED,0,0,0,review_or_exclude,keyword_ideas_broad_volume_b_2026-06-27.json
spam messages on android,10,LOW,0,0,0,scale_candidate_problem,keyword_ideas_broad_volume_b_2026-06-27.json
mass spam text messages,10,LOW,0,0,0,scale_candidate_problem,keyword_ideas_broad_volume_b_2026-06-27.json
getting spam texts,10,UNSPECIFIED,0,0,0,scale_candidate_problem,keyword_ideas_broad_volume_b_2026-06-27.json
social security text message,10,UNSPECIFIED,0,0,0,broad_discovery_needs_negatives,keyword_ideas_broad_volume_b_2026-06-27.json
unsubscribe from unwanted emails,10,LOW,0,0,0,block_or_negative,keyword_ideas_broad_volume_b_2026-06-27.json
free spam texts,10,LOW,0,0,0,scale_candidate_problem,keyword_ideas_broad_volume_b_2026-06-27.json
block spam messages iphone,10,LOW,0,0,0,block_or_negative,keyword_ideas_broad_volume_b_2026-06-27.json
block texts from unknown numbers,10,LOW,0,0,0,review_or_exclude,keyword_ideas_broad_volume_b_2026-06-27.json
text off fake number,10,UNSPECIFIED,0,0,0,review_or_exclude,keyword_ideas_broad_volume_b_2026-06-27.json
fake number for text verification,10,UNSPECIFIED,0,0,0,review_or_exclude,keyword_ideas_broad_volume_b_2026-06-27.json
fake spectrum text message,10,LOW,0,0,0,broad_discovery_needs_negatives,keyword_ideas_broad_volume_b_2026-06-27.json
telegram dating scams,10,LOW,0,0,0,block_or_negative,keyword_ideas_broad_volume_b_2026-06-27.json
stop unwanted text messages,10,LOW,0,0,0,broad_discovery_needs_negatives,keyword_ideas_broad_volume_b_2026-06-27.json
stop spam messages on iphone,10,UNSPECIFIED,0,0,0,block_or_negative,keyword_ideas_broad_volume_b_2026-06-27.json
app for blocking spam texts,10,UNSPECIFIED,0,0,0,scale_candidate_problem,keyword_ideas_broad_volume_b_2026-06-27.json
block spam texts android free,10,UNSPECIFIED,0,0,0,scale_candidate_problem,keyword_ideas_broad_volume_b_2026-06-27.json
spam detected message,10,LOW,0,0,0,broad_discovery_needs_negatives,keyword_ideas_broad_volume_b_2026-06-27.json
block spam messages android,10,LOW,0,0,0,scale_candidate_problem,keyword_ideas_broad_volume_b_2026-06-27.json
blocking mass text messages,10,LOW,0,0,0,block_or_negative,keyword_ideas_broad_volume_b_2026-06-27.json
best app to stop spam texts,10,UNSPECIFIED,0,0,0,scale_candidate_problem,keyword_ideas_broad_volume_b_2026-06-27.json
send yourself a text message online,10,UNSPECIFIED,0,0,0,broad_discovery_needs_negatives,keyword_ideas_broad_volume_b_2026-06-27.json
icloud scams email,10,LOW,0,0,0,block_or_negative,keyword_ideas_broad_volume_b_2026-06-27.json
fake text message online,10,LOW,0,0,0,block_or_negative,keyword_ideas_broad_volume_b_2026-06-27.json
spoof phone number text,10,LOW,0,0,0,review_or_exclude,keyword_ideas_broad_volume_b_2026-06-27.json
report fraudulent text messages,10,UNSPECIFIED,0,0,0,broad_discovery_needs_negatives,keyword_ideas_broad_volume_b_2026-06-27.json
report phishing text message,10,LOW,0,0,0,scale_candidate_problem,keyword_ideas_broad_volume_b_2026-06-27.json
email spam message,10,LOW,0,0,0,block_or_negative,keyword_ideas_broad_volume_b_2026-06-27.json
fraud center alert text message,10,UNSPECIFIED,0,0,0,broad_discovery_needs_negatives,keyword_ideas_broad_volume_b_2026-06-27.json
send yourself a fake text,10,UNSPECIFIED,0,0,0,block_or_negative,keyword_ideas_broad_volume_b_2026-06-27.json
block spam calls and texts,10,UNSPECIFIED,0,0,0,review_or_exclude,keyword_ideas_broad_volume_b_2026-06-27.json
stop unwanted texts iphone,10,UNSPECIFIED,0,0,0,block_or_negative,keyword_ideas_broad_volume_b_2026-06-27.json
sms classifier,10,UNSPECIFIED,0,0,0,review_or_exclude,keyword_ideas_play_url_volume_2026-06-27.json
sms organizer review,10,UNSPECIFIED,0,0,0,high_intent_or_utility,keyword_ideas_play_url_volume_2026-06-27.json
text message organizer,10,UNSPECIFIED,0,0,0,broad_discovery_needs_negatives,keyword_ideas_play_url_volume_2026-06-27.json
text message organizer app,10,LOW,0,0,0,broad_discovery_needs_negatives,keyword_ideas_play_url_volume_2026-06-27.json
delivery otp scam,10,LOW,0,0,0,high_intent_or_utility,keyword_ideas.json
microsoft sms organizer apk,10,LOW,0,0,0,block_or_negative,keyword_ideas.json
microsoft sms organizer for pc,10,LOW,0,0,0,block_or_negative,keyword_ideas.json
microsoft sms organizer web,10,LOW,0,0,0,block_or_negative,keyword_ideas.json
sms organizer app download,10,UNSPECIFIED,0,0,0,block_or_negative,keyword_ideas.json
sms organizer download,10,LOW,0,0,0,block_or_negative,keyword_ideas.json
sms organizer for pc,10,LOW,0,0,0,block_or_negative,keyword_ideas.json
sms organizer for windows 10,10,LOW,0,0,0,block_or_negative,keyword_ideas.json
sms organizer microsoft apk,10,LOW,0,0,0,block_or_negative,keyword_ideas.json
sms organizer mod apk,10,LOW,0,0,0,block_or_negative,keyword_ideas.json
sms organizer not receiving otp,10,UNSPECIFIED,0,0,0,high_intent_or_utility,keyword_ideas.json
sms organizer web,10,LOW,0,0,0,block_or_negative,keyword_ideas.json
twilio sms app,10,LOW,1,0,0,scale_candidate_category,keyword_ideas_broad_volume_a_2026-06-27.json
message organizer,10,LOW,1,0,0,broad_discovery_needs_negatives,keyword_ideas_broad_volume_b_2026-06-27.json
block spam texts,10,LOW,1,0,0,scale_candidate_problem,keyword_ideas_broad_volume_b_2026-06-27.json
microsoft sms organizer app,10,LOW,1,0,0,competitor/default-tool; conquest only if approved,keyword_ideas.json
free texting app for iphone,10,LOW,2,0,0,block_or_negative,keyword_ideas_broad_volume_a_2026-06-27.json
junk email filter,10,LOW,2,0,0,block_or_negative,keyword_ideas_broad_volume_b_2026-06-27.json
report scam messages,10,LOW,2,0,0,scale_candidate_problem,keyword_ideas_broad_volume_b_2026-06-27.json
sms organizer android,10,LOW,3,0,0,high_intent_or_utility,keyword_ideas.json
send group text,10,LOW,4,0,0,review_or_exclude,keyword_ideas_broad_volume_a_2026-06-27.json
hipaa compliant messaging app,10,LOW,5,0,0,broad_discovery_needs_negatives,keyword_ideas_broad_volume_a_2026-06-27.json
best free texting app,10,LOW,6,0,0,review_or_exclude,keyword_ideas_broad_volume_a_2026-06-27.json
443 area code text message,10,LOW,7,0,0,broad_discovery_needs_negatives,keyword_ideas_broad_volume_b_2026-06-27.json
message from fake number,10,LOW,7,0,0,broad_discovery_needs_negatives,keyword_ideas_broad_volume_b_2026-06-27.json
report scam text message,10,LOW,8,0,0,scale_candidate_problem,keyword_ideas_broad_volume_b_2026-06-27.json
report text scam,10,LOW,8,0,0,review_or_exclude,keyword_ideas_broad_volume_b_2026-06-27.json
bulk sms spam,10,LOW,8,0,0,block_or_negative,keyword_ideas_broad_volume_b_2026-06-27.json
report a text scam,10,LOW,8,0,0,review_or_exclude,keyword_ideas_broad_volume_b_2026-06-27.json
otp fraud prevention,10,LOW,10,0,0,high_intent_or_utility,keyword_ideas_broad_volume_b_2026-06-27.json
simple texting app,10,LOW,11,0,0,review_or_exclude,keyword_ideas_broad_volume_a_2026-06-27.json
text reminder app,10,LOW,12,0,0,review_or_exclude,keyword_ideas_broad_volume_a_2026-06-27.json
otp bank online,10,LOW,12,0,0,review_or_exclude,keyword_ideas_broad_volume_b_2026-06-27.json
best mass text app,10,LOW,14,0,0,block_or_negative,keyword_ideas_broad_volume_a_2026-06-27.json
sms inbox online,10,LOW,14,0,0,scale_candidate_problem,keyword_ideas_broad_volume_b_2026-06-27.json
get rid of spam mail,10,LOW,14,0,0,review_or_exclude,keyword_ideas_broad_volume_b_2026-06-27.json
message organizer app,10,LOW,17,0,0,broad_discovery_needs_negatives,keyword_ideas_play_url_volume_2026-06-27.json
text monitoring app,10,LOW,18,0,0,review_or_exclude,keyword_ideas_broad_volume_a_2026-06-27.json
best group messaging app,10,LOW,19,0,0,broad_discovery_needs_negatives,keyword_ideas_broad_volume_a_2026-06-27.json
hipaa compliant text messaging apps,10,LOW,21,0,0,broad_discovery_needs_negatives,keyword_ideas_broad_volume_a_2026-06-27.json
hipaa compliant texting app,10,LOW,21,0,0,review_or_exclude,keyword_ideas_broad_volume_a_2026-06-27.json
junk email blocker,10,LOW,21,0,0,block_or_negative,keyword_ideas_broad_volume_b_2026-06-27.json
spam junk email,10,LOW,21,0,0,block_or_negative,keyword_ideas_broad_volume_b_2026-06-27.json
junk email in your inbox,10,LOW,23,0,0,block_or_negative,keyword_ideas_broad_volume_b_2026-06-27.json
group text messaging service,10,LOW,24,0,0,broad_discovery_needs_negatives,keyword_ideas_broad_volume_a_2026-06-27.json
sms marketing app,10,LOW,27,6524345,41980602,block_or_negative,keyword_ideas_broad_volume_a_2026-06-27.json
sms by zapier,10,LOW,29,0,0,block_or_negative,keyword_ideas_broad_volume_a_2026-06-27.json
free text messaging service for business,10,LOW,29,0,0,broad_discovery_needs_negatives,keyword_ideas_broad_volume_a_2026-06-27.json
otp credit,10,LOW,29,0,0,review_or_exclude,keyword_ideas_broad_volume_b_2026-06-27.json
free second phone number for texting,10,MEDIUM,36,0,0,review_or_exclude,keyword_ideas_broad_volume_a_2026-06-27.json
bulk text message app,10,MEDIUM,39,14929000,25084349,block_or_negative,keyword_ideas_broad_volume_a_2026-06-27.json
bulk texting app,10,MEDIUM,43,56475540,120901753,block_or_negative,keyword_ideas_broad_volume_a_2026-06-27.json
best text messaging service for small business,10,MEDIUM,43,0,0,broad_discovery_needs_negatives,keyword_ideas_broad_volume_a_2026-06-27.json
whatsapp api send message to number,10,MEDIUM,48,18366289,81940614,block_or_negative,keyword_ideas_broad_volume_a_2026-06-27.json
mass messaging app,10,MEDIUM,57,26776419,67526391,broad_discovery_needs_negatives,keyword_ideas_broad_volume_a_2026-06-27.json
textedly app,10,MEDIUM,64,0,0,review_or_exclude,keyword_ideas_broad_volume_a_2026-06-27.json
best mass texting app for small business,0,UNSPECIFIED,0,0,0,block_or_negative,keyword_ideas_broad_volume_a_2026-06-27.json
text monitoring app iphone,0,UNSPECIFIED,0,0,0,block_or_negative,keyword_ideas_broad_volume_a_2026-06-27.json
best text marketing app,0,UNSPECIFIED,0,0,0,block_or_negative,keyword_ideas_broad_volume_a_2026-06-27.json
send text from fake number free,0,UNSPECIFIED,0,0,0,review_or_exclude,keyword_ideas_broad_volume_b_2026-06-27.json
local hookup facebook messenger spam,0,UNSPECIFIED,0,0,0,block_or_negative,keyword_ideas_broad_volume_b_2026-06-27.json
send fake text messages from different number free,0,UNSPECIFIED,0,0,0,block_or_negative,keyword_ideas_broad_volume_b_2026-06-27.json
stop spam texts iphone free,0,UNSPECIFIED,0,0,0,block_or_negative,keyword_ideas_broad_volume_b_2026-06-27.json
extortion text messages,0,UNSPECIFIED,0,0,0,broad_discovery_needs_negatives,keyword_ideas_broad_volume_b_2026-06-27.json
robo text blocker,0,UNSPECIFIED,0,0,0,review_or_exclude,keyword_ideas_broad_volume_b_2026-06-27.json
fake number that can receive text,0,UNSPECIFIED,0,0,0,review_or_exclude,keyword_ideas_broad_volume_b_2026-06-27.json
text mail scam,0,UNSPECIFIED,0,0,0,review_or_exclude,keyword_ideas_broad_volume_b_2026-06-27.json
facebook messenger phishing attack,0,UNSPECIFIED,0,0,0,block_or_negative,keyword_ideas_broad_volume_b_2026-06-27.json
facebook messenger sex scams,0,UNSPECIFIED,0,0,0,block_or_negative,keyword_ideas_broad_volume_b_2026-06-27.json
best app to block spam texts,0,UNSPECIFIED,0,0,0,scale_candidate_problem,keyword_ideas_broad_volume_b_2026-06-27.json
i got scammed on facebook messenger,0,UNSPECIFIED,0,0,0,block_or_negative,keyword_ideas_broad_volume_b_2026-06-27.json
fake number that receives texts,0,UNSPECIFIED,0,0,0,review_or_exclude,keyword_ideas_broad_volume_b_2026-06-27.json
free spam text blocker android,0,UNSPECIFIED,0,0,0,scale_candidate_problem,keyword_ideas_broad_volume_b_2026-06-27.json
best spam text blocker android,0,UNSPECIFIED,0,0,0,scale_candidate_problem,keyword_ideas_broad_volume_b_2026-06-27.json
best app to block spam texts iphone,0,UNSPECIFIED,0,0,0,block_or_negative,keyword_ideas_broad_volume_b_2026-06-27.json
best text spam blocker android,0,UNSPECIFIED,0,0,0,review_or_exclude,keyword_ideas_broad_volume_b_2026-06-27.json
free spam text blocker iphone,0,UNSPECIFIED,0,0,0,block_or_negative,keyword_ideas_broad_volume_b_2026-06-27.json
android spam text blocker,0,UNSPECIFIED,0,0,0,scale_candidate_problem,keyword_ideas_broad_volume_b_2026-06-27.json
text someone off a fake number,0,UNSPECIFIED,0,0,0,review_or_exclude,keyword_ideas_broad_volume_b_2026-06-27.json
phishing text messages iphone,0,UNSPECIFIED,0,0,0,block_or_negative,keyword_ideas_broad_volume_b_2026-06-27.json
text message scams 2022,0,UNSPECIFIED,0,0,0,broad_discovery_needs_negatives,keyword_ideas_broad_volume_b_2026-06-27.json
spoof number to receive text,0,UNSPECIFIED,0,0,0,review_or_exclude,keyword_ideas_broad_volume_b_2026-06-27.json
weight loss text messages spam,0,UNSPECIFIED,0,0,0,broad_discovery_needs_negatives,keyword_ideas_broad_volume_b_2026-06-27.json
scam sms warning app,0,UNSPECIFIED,0,0,0,review_or_exclude,keyword_ideas_play_url_volume_2026-06-27.json
otp inbox app,0,UNSPECIFIED,0,0,0,high_intent_or_utility,keyword_ideas_play_url_volume_2026-06-27.json
dpd phishing sms,0,UNSPECIFIED,0,0,0,scale_candidate_problem,keyword_ideas.json
otp scam warning app,0,UNSPECIFIED,0,0,0,high_intent_or_utility,keyword_ideas.json
otp fraud warning app,0,UNSPECIFIED,0,0,0,high_intent_or_utility,keyword_ideas.json
scam text alert app,0,UNSPECIFIED,0,0,0,scale_candidate_problem,keyword_ideas.json
sms link warning app,0,UNSPECIFIED,0,0,0,review_or_exclude,keyword_ideas.json
sms phishing warning,0,UNSPECIFIED,0,0,0,review_or_exclude,keyword_ideas.json
otp sms organizer,0,UNSPECIFIED,0,0,0,high_intent_or_utility,keyword_ideas.json
sms scam app for parents,0,UNSPECIFIED,0,0,0,scale_candidate_problem,keyword_ideas.json
suspicious sms link,0,UNSPECIFIED,0,0,0,review_or_exclude,keyword_ideas.json
