original_index,sms_text,is_phishing_original,is_phishing_llama_bool,is_phishing_llama_raw,raw_response
46857,0870 08707509020 1327 20p 5wb box chance cr9 croydon fantasies fantasy hot just live min national ntt po rate,True,True,True,"[
  {""id"": ""46857"", ""is_phishing"": true},
  {""id"": ""53374"", ""is_phishing"": true},
  {""id"": ""46363"", ""is_phishing"": false},
  {""id"": ""46934"", ""is_phishing"": true},
  {""id"": ""50109"", ""is_phishing"": true},
  {""id"": ""53587"", ""is_phishing"": false},
  {""id"": ""53587"", ""is_phishing"": false},
  {""id"": ""54449"", ""is_phishing"": true},
  {""id"": ""46654"", ""is_phishing"": true},
  {""id"": ""47575"", ""is_phishing"": true},
  {""id"": ""44455"", ""is_phishing"": false}
]"
53374,बैंक से आपको एक बड़ा फंड ट्रांसफर हुआ है! चेक करने के लिए इस लिंक पर क्लिक करें: www.bankupdate.com,True,True,True,"[
  {""id"": ""46857"", ""is_phishing"": true},
  {""id"": ""53374"", ""is_phishing"": true},
  {""id"": ""46363"", ""is_phishing"": false},
  {""id"": ""46934"", ""is_phishing"": true},
  {""id"": ""50109"", ""is_phishing"": true},
  {""id"": ""53587"", ""is_phishing"": false},
  {""id"": ""53587"", ""is_phishing"": false},
  {""id"": ""54449"", ""is_phishing"": true},
  {""id"": ""46654"", ""is_phishing"": true},
  {""id"": ""47575"", ""is_phishing"": true},
  {""id"": ""44455"", ""is_phishing"": false}
]"
46363,16 1st 87131 free help join poly real reply ringtone stop text tone tones true txt wk,True,False,False,"[
  {""id"": ""46857"", ""is_phishing"": true},
  {""id"": ""53374"", ""is_phishing"": true},
  {""id"": ""46363"", ""is_phishing"": false},
  {""id"": ""46934"", ""is_phishing"": true},
  {""id"": ""50109"", ""is_phishing"": true},
  {""id"": ""53587"", ""is_phishing"": false},
  {""id"": ""53587"", ""is_phishing"": false},
  {""id"": ""54449"", ""is_phishing"": true},
  {""id"": ""46654"", ""is_phishing"": true},
  {""id"": ""47575"", ""is_phishing"": true},
  {""id"": ""44455"", ""is_phishing"": false}
]"
46934,00 03 05 5000 calling careful claim details draw enter hi mobile personal prize receive tells ur,True,True,True,"[
  {""id"": ""46857"", ""is_phishing"": true},
  {""id"": ""53374"", ""is_phishing"": true},
  {""id"": ""46363"", ""is_phishing"": false},
  {""id"": ""46934"", ""is_phishing"": true},
  {""id"": ""50109"", ""is_phishing"": true},
  {""id"": ""53587"", ""is_phishing"": false},
  {""id"": ""53587"", ""is_phishing"": false},
  {""id"": ""54449"", ""is_phishing"": true},
  {""id"": ""46654"", ""is_phishing"": true},
  {""id"": ""47575"", ""is_phishing"": true},
  {""id"": ""44455"", ""is_phishing"": false}
]"
50109,আপনার ড্রাইভিং লাইসেন্স আপডেট করতে কল করুন +8801815566778,True,True,True,"[
  {""id"": ""46857"", ""is_phishing"": true},
  {""id"": ""53374"", ""is_phishing"": true},
  {""id"": ""46363"", ""is_phishing"": false},
  {""id"": ""46934"", ""is_phishing"": true},
  {""id"": ""50109"", ""is_phishing"": true},
  {""id"": ""53587"", ""is_phishing"": false},
  {""id"": ""53587"", ""is_phishing"": false},
  {""id"": ""54449"", ""is_phishing"": true},
  {""id"": ""46654"", ""is_phishing"": true},
  {""id"": ""47575"", ""is_phishing"": true},
  {""id"": ""44455"", ""is_phishing"": false}
]"
53587,ओमेक्स फ़ॉरेस्ट-सूरजकुंड अल्ट्रा लक्ज़री अपार्टमेंट-2520 वर्गफुट से बीएसपी @5500 रुपये/वर्ग। केवल फीट 114 फ्लैट। लाइसेंस प्राप्त। कृपया राजेश को कॉल करें 09810238760,True,False,False,"[
  {""id"": ""46857"", ""is_phishing"": true},
  {""id"": ""53374"", ""is_phishing"": true},
  {""id"": ""46363"", ""is_phishing"": false},
  {""id"": ""46934"", ""is_phishing"": true},
  {""id"": ""50109"", ""is_phishing"": true},
  {""id"": ""53587"", ""is_phishing"": false},
  {""id"": ""53587"", ""is_phishing"": false},
  {""id"": ""54449"", ""is_phishing"": true},
  {""id"": ""46654"", ""is_phishing"": true},
  {""id"": ""47575"", ""is_phishing"": true},
  {""id"": ""44455"", ""is_phishing"": false}
]"
53587,ओमेक्स फ़ॉरेस्ट-सूरजकुंड अल्ट्रा लक्ज़री अपार्टमेंट-2520 वर्गफुट से बीएसपी @5500 रुपये/वर्ग। केवल फीट 114 फ्लैट। लाइसेंस प्राप्त। कृपया राजेश को कॉल करें 09810238760,True,False,False,"[
  {""id"": ""46857"", ""is_phishing"": true},
  {""id"": ""53374"", ""is_phishing"": true},
  {""id"": ""46363"", ""is_phishing"": false},
  {""id"": ""46934"", ""is_phishing"": true},
  {""id"": ""50109"", ""is_phishing"": true},
  {""id"": ""53587"", ""is_phishing"": false},
  {""id"": ""53587"", ""is_phishing"": false},
  {""id"": ""54449"", ""is_phishing"": true},
  {""id"": ""46654"", ""is_phishing"": true},
  {""id"": ""47575"", ""is_phishing"": true},
  {""id"": ""44455"", ""is_phishing"": false}
]"
54449,आपके आधार कार्ड में समस्या है। अपडेट करें: https://aadharhelp.net/nKJ98Lm4 -AadharFix।,True,True,True,"[
  {""id"": ""46857"", ""is_phishing"": true},
  {""id"": ""53374"", ""is_phishing"": true},
  {""id"": ""46363"", ""is_phishing"": false},
  {""id"": ""46934"", ""is_phishing"": true},
  {""id"": ""50109"", ""is_phishing"": true},
  {""id"": ""53587"", ""is_phishing"": false},
  {""id"": ""53587"", ""is_phishing"": false},
  {""id"": ""54449"", ""is_phishing"": true},
  {""id"": ""46654"", ""is_phishing"": true},
  {""id"": ""47575"", ""is_phishing"": true},
  {""id"": ""44455"", ""is_phishing"": false}
]"
46654,100 150ppm 16 500 5000 await box cash collection cost cs drop holiday landline mobile ntt po sae shop till travel urgent vary voucher,True,True,True,"[
  {""id"": ""46857"", ""is_phishing"": true},
  {""id"": ""53374"", ""is_phishing"": true},
  {""id"": ""46363"", ""is_phishing"": false},
  {""id"": ""46934"", ""is_phishing"": true},
  {""id"": ""50109"", ""is_phishing"": true},
  {""id"": ""53587"", ""is_phishing"": false},
  {""id"": ""53587"", ""is_phishing"": false},
  {""id"": ""54449"", ""is_phishing"": true},
  {""id"": ""46654"", ""is_phishing"": true},
  {""id"": ""47575"", ""is_phishing"": true},
  {""id"": ""44455"", ""is_phishing"": false}
]"
47575,100 4u 500 87066 awarded cd cds com1win150ppmx3age16 congratulations draw entry free gift guaranteed ldew music tncs txt ur vouchers wkly www,True,True,True,"[
  {""id"": ""46857"", ""is_phishing"": true},
  {""id"": ""53374"", ""is_phishing"": true},
  {""id"": ""46363"", ""is_phishing"": false},
  {""id"": ""46934"", ""is_phishing"": true},
  {""id"": ""50109"", ""is_phishing"": true},
  {""id"": ""53587"", ""is_phishing"": false},
  {""id"": ""53587"", ""is_phishing"": false},
  {""id"": ""54449"", ""is_phishing"": true},
  {""id"": ""46654"", ""is_phishing"": true},
  {""id"": ""47575"", ""is_phishing"": true},
  {""id"": ""44455"", ""is_phishing"": false}
]"
44455,bluetooth chance fml free password reply ringtone simply text waiting win,True,False,False,"[
  {""id"": ""46857"", ""is_phishing"": true},
  {""id"": ""53374"", ""is_phishing"": true},
  {""id"": ""46363"", ""is_phishing"": false},
  {""id"": ""46934"", ""is_phishing"": true},
  {""id"": ""50109"", ""is_phishing"": true},
  {""id"": ""53587"", ""is_phishing"": false},
  {""id"": ""53587"", ""is_phishing"": false},
  {""id"": ""54449"", ""is_phishing"": true},
  {""id"": ""46654"", ""is_phishing"": true},
  {""id"": ""47575"", ""is_phishing"": true},
  {""id"": ""44455"", ""is_phishing"": false}
]"
47525,150p 2lands 86688 adult chat exciting hi invited ldn lucky meet msg msgrcvdhg night place row singles suite342 town txt uk ur w1j6hl xchat yes,True,True,True,"[
  {""id"": ""47525"", ""is_phishing"": true},
  {""id"": ""47821"", ""is_phishing"": false},
  {""id"": ""46146"", ""is_phishing"": false},
  {""id"": ""45209"", ""is_phishing"": true},
  {""id"": ""66833"", ""is_phishing"": true},
  {""id"": ""45642"", ""is_phishing"": false},
  {""id"": ""38663"", ""is_phishing"": true},
  {""id"": ""46924"", ""is_phishing"": false},
  {""id"": ""45198"", ""is_phishing"": false},
  {""id"": ""44545"", ""is_phishing"": false}
]"
47821,08000839402 08002986906 11mths calls camera colour december entitled free freefone latest mobile mobiles unlimited update weekend,True,False,False,"[
  {""id"": ""47525"", ""is_phishing"": true},
  {""id"": ""47821"", ""is_phishing"": false},
  {""id"": ""46146"", ""is_phishing"": false},
  {""id"": ""45209"", ""is_phishing"": true},
  {""id"": ""66833"", ""is_phishing"": true},
  {""id"": ""45642"", ""is_phishing"": false},
  {""id"": ""38663"", ""is_phishing"": true},
  {""id"": ""46924"", ""is_phishing"": false},
  {""id"": ""45198"", ""is_phishing"": false},
  {""id"": ""44545"", ""is_phishing"": false}
]"
46146,150p age company enjoy getting good join just life living mobile opt partner perfect sms thought touch txt waiting,True,False,False,"[
  {""id"": ""47525"", ""is_phishing"": true},
  {""id"": ""47821"", ""is_phishing"": false},
  {""id"": ""46146"", ""is_phishing"": false},
  {""id"": ""45209"", ""is_phishing"": true},
  {""id"": ""66833"", ""is_phishing"": true},
  {""id"": ""45642"", ""is_phishing"": false},
  {""id"": ""38663"", ""is_phishing"": true},
  {""id"": ""46924"", ""is_phishing"": false},
  {""id"": ""45198"", ""is_phishing"": false},
  {""id"": ""44545"", ""is_phishing"": false}
]"
45209,100 150ppm 16 500 5000 await box cash collection cost cs drop holiday landline mobile ntt po sae shop till travel urgent vary voucher,True,True,True,"[
  {""id"": ""47525"", ""is_phishing"": true},
  {""id"": ""47821"", ""is_phishing"": false},
  {""id"": ""46146"", ""is_phishing"": false},
  {""id"": ""45209"", ""is_phishing"": true},
  {""id"": ""66833"", ""is_phishing"": true},
  {""id"": ""45642"", ""is_phishing"": false},
  {""id"": ""38663"", ""is_phishing"": true},
  {""id"": ""46924"", ""is_phishing"": false},
  {""id"": ""45198"", ""is_phishing"": false},
  {""id"": ""44545"", ""is_phishing"": false}
]"
66833,Ur cash-balance is currently 500 pounds - to maximize ur cash-in now send CASH to 86688 only 150p/msg. CC: 08708800282 HG/Suite342/2Lands Row/W1J6HL,True,True,True,"[
  {""id"": ""47525"", ""is_phishing"": true},
  {""id"": ""47821"", ""is_phishing"": false},
  {""id"": ""46146"", ""is_phishing"": false},
  {""id"": ""45209"", ""is_phishing"": true},
  {""id"": ""66833"", ""is_phishing"": true},
  {""id"": ""45642"", ""is_phishing"": false},
  {""id"": ""38663"", ""is_phishing"": true},
  {""id"": ""46924"", ""is_phishing"": false},
  {""id"": ""45198"", ""is_phishing"": false},
  {""id"": ""44545"", ""is_phishing"": false}
]"
45642,3mins book calling com created eve friend guess like little ones page read santa time waiting want www xmas,True,False,False,"[
  {""id"": ""47525"", ""is_phishing"": true},
  {""id"": ""47821"", ""is_phishing"": false},
  {""id"": ""46146"", ""is_phishing"": false},
  {""id"": ""45209"", ""is_phishing"": true},
  {""id"": ""66833"", ""is_phishing"": true},
  {""id"": ""45642"", ""is_phishing"": false},
  {""id"": ""38663"", ""is_phishing"": true},
  {""id"": ""46924"", ""is_phishing"": false},
  {""id"": ""45198"", ""is_phishing"": false},
  {""id"": ""44545"", ""is_phishing"": false}
]"
38663,000 100 150p 16 20 87575 apply cash cost day hl info pounds reply send txt win,True,True,True,"[
  {""id"": ""47525"", ""is_phishing"": true},
  {""id"": ""47821"", ""is_phishing"": false},
  {""id"": ""46146"", ""is_phishing"": false},
  {""id"": ""45209"", ""is_phishing"": true},
  {""id"": ""66833"", ""is_phishing"": true},
  {""id"": ""45642"", ""is_phishing"": false},
  {""id"": ""38663"", ""is_phishing"": true},
  {""id"": ""46924"", ""is_phishing"": false},
  {""id"": ""45198"", ""is_phishing"": false},
  {""id"": ""44545"", ""is_phishing"": false}
]"
46924,1000s choose credit download enjoy gr8 kick like ringtones send service sir tones txt weekly wk yr,True,False,False,"[
  {""id"": ""47525"", ""is_phishing"": true},
  {""id"": ""47821"", ""is_phishing"": false},
  {""id"": ""46146"", ""is_phishing"": false},
  {""id"": ""45209"", ""is_phishing"": true},
  {""id"": ""66833"", ""is_phishing"": true},
  {""id"": ""45642"", ""is_phishing"": false},
  {""id"": ""38663"", ""is_phishing"": true},
  {""id"": ""46924"", ""is_phishing"": false},
  {""id"": ""45198"", ""is_phishing"": false},
  {""id"": ""44545"", ""is_phishing"": false}
]"
45198,00 150 16 50 85023 chance claim cs details discount just m263uz member mobile offers pobox pobox84 savamob shop sub text today ur vouchers week weeks worth,True,False,False,"[
  {""id"": ""47525"", ""is_phishing"": true},
  {""id"": ""47821"", ""is_phishing"": false},
  {""id"": ""46146"", ""is_phishing"": false},
  {""id"": ""45209"", ""is_phishing"": true},
  {""id"": ""66833"", ""is_phishing"": true},
  {""id"": ""45642"", ""is_phishing"": false},
  {""id"": ""38663"", ""is_phishing"": true},
  {""id"": ""46924"", ""is_phishing"": false},
  {""id"": ""45198"", ""is_phishing"": false},
  {""id"": ""44545"", ""is_phishing"": false}
]"
44545,03 05 2004 26 786 account claim code expires identifier points shows unredeemed,True,False,False,"[
  {""id"": ""47525"", ""is_phishing"": true},
  {""id"": ""47821"", ""is_phishing"": false},
  {""id"": ""46146"", ""is_phishing"": false},
  {""id"": ""45209"", ""is_phishing"": true},
  {""id"": ""66833"", ""is_phishing"": true},
  {""id"": ""45642"", ""is_phishing"": false},
  {""id"": ""38663"", ""is_phishing"": true},
  {""id"": ""46924"", ""is_phishing"": false},
  {""id"": ""45198"", ""is_phishing"": false},
  {""id"": ""44545"", ""is_phishing"": false}
]"
54277,6500 रुपये मूल्य की ओनिडा वॉशिंग मशीन टीडीवाई जीतें। कंबोला खेलें और सबसे कम अद्वितीय राशि जीतें। न्यूनतम बोली 1 रुपया। जीतना शुरू करने के लिए 58888084 पर टोलफ्री पर कॉल करें,True,True,True,"[
  {""id"": ""54277"", ""is_phishing"": true},
  {""id"": ""42708"", ""is_phishing"": false},
  {""id"": ""80"", ""is_phishing"": true},
  {""id"": ""66780"", ""is_phishing"": true},
  {""id"": ""44017"", ""is_phishing"": true},
  {""id"": ""47046"", ""is_phishing"": true},
  {""id"": ""460"", ""is_phishing"": true},
  {""id"": ""44139"", ""is_phishing"": false},
  {""id"": ""39125"", ""is_phishing"": true},
  {""id"": ""48288"", ""is_phishing"": true}
]"
42708,text,True,False,False,"[
  {""id"": ""54277"", ""is_phishing"": true},
  {""id"": ""42708"", ""is_phishing"": false},
  {""id"": ""80"", ""is_phishing"": true},
  {""id"": ""66780"", ""is_phishing"": true},
  {""id"": ""44017"", ""is_phishing"": true},
  {""id"": ""47046"", ""is_phishing"": true},
  {""id"": ""460"", ""is_phishing"": true},
  {""id"": ""44139"", ""is_phishing"": false},
  {""id"": ""39125"", ""is_phishing"": true},
  {""id"": ""48288"", ""is_phishing"": true}
]"
80,"Dear Customer, your payment of USD 21.24 for Webflow Inc. to be debited from your ICICI Bank Credit Card 3472, as per Standing Instructions XG4RtImYuy, is due by 02/07/2025. To cancel this debit or your Standing Instructions, visit https://icici.co/ICICIT/P6irpE >Cards>Credit Cards>Standing Instructions and Recurring Charges>Manage Standing Instructions.",True,True,True,"[
  {""id"": ""54277"", ""is_phishing"": true},
  {""id"": ""42708"", ""is_phishing"": false},
  {""id"": ""80"", ""is_phishing"": true},
  {""id"": ""66780"", ""is_phishing"": true},
  {""id"": ""44017"", ""is_phishing"": true},
  {""id"": ""47046"", ""is_phishing"": true},
  {""id"": ""460"", ""is_phishing"": true},
  {""id"": ""44139"", ""is_phishing"": false},
  {""id"": ""39125"", ""is_phishing"": true},
  {""id"": ""48288"", ""is_phishing"": true}
]"
66780,"SMS. ac Blind Date 4U!: Rodds1 is 21/m from Aberdeen, United Kingdom. Check Him out http://img. sms. ac/W/icmb3cktz8r7!-4 no Blind Dates send HIDE",True,True,True,"[
  {""id"": ""54277"", ""is_phishing"": true},
  {""id"": ""42708"", ""is_phishing"": false},
  {""id"": ""80"", ""is_phishing"": true},
  {""id"": ""66780"", ""is_phishing"": true},
  {""id"": ""44017"", ""is_phishing"": true},
  {""id"": ""47046"", ""is_phishing"": true},
  {""id"": ""460"", ""is_phishing"": true},
  {""id"": ""44139"", ""is_phishing"": false},
  {""id"": ""39125"", ""is_phishing"": true},
  {""id"": ""48288"", ""is_phishing"": true}
]"
44017,09061221066 28 awarded camera days delivery digital fromm landline sipix,True,True,True,"[
  {""id"": ""54277"", ""is_phishing"": true},
  {""id"": ""42708"", ""is_phishing"": false},
  {""id"": ""80"", ""is_phishing"": true},
  {""id"": ""66780"", ""is_phishing"": true},
  {""id"": ""44017"", ""is_phishing"": true},
  {""id"": ""47046"", ""is_phishing"": true},
  {""id"": ""460"", ""is_phishing"": true},
  {""id"": ""44139"", ""is_phishing"": false},
  {""id"": ""39125"", ""is_phishing"": true},
  {""id"": ""48288"", ""is_phishing"": true}
]"
47046,10 1000 18 50 87121 awarded claim complimentary dis trip txt ur urgent,True,True,True,"[
  {""id"": ""54277"", ""is_phishing"": true},
  {""id"": ""42708"", ""is_phishing"": false},
  {""id"": ""80"", ""is_phishing"": true},
  {""id"": ""66780"", ""is_phishing"": true},
  {""id"": ""44017"", ""is_phishing"": true},
  {""id"": ""47046"", ""is_phishing"": true},
  {""id"": ""460"", ""is_phishing"": true},
  {""id"": ""44139"", ""is_phishing"": false},
  {""id"": ""39125"", ""is_phishing"": true},
  {""id"": ""48288"", ""is_phishing"": true}
]"
460,"Dear Customer, we have successfully processed the payment of INR 796.38 for Amazon, as per the Standing Instruction Xkcq1ahCBr, on 25/09/2025 for your ICICI Bank Credit Card 4220. To manage your Standing Instructions, visit https://icici.co/ICICIT/K5yQRy >Cards >Credit Cards>Standing Instructions and Recurring Charges>Manage Standing Instructions.",True,True,True,"[
  {""id"": ""54277"", ""is_phishing"": true},
  {""id"": ""42708"", ""is_phishing"": false},
  {""id"": ""80"", ""is_phishing"": true},
  {""id"": ""66780"", ""is_phishing"": true},
  {""id"": ""44017"", ""is_phishing"": true},
  {""id"": ""47046"", ""is_phishing"": true},
  {""id"": ""460"", ""is_phishing"": true},
  {""id"": ""44139"", ""is_phishing"": false},
  {""id"": ""39125"", ""is_phishing"": true},
  {""id"": ""48288"", ""is_phishing"": true}
]"
44139,bt check com info just line min opt stop text,True,False,False,"[
  {""id"": ""54277"", ""is_phishing"": true},
  {""id"": ""42708"", ""is_phishing"": false},
  {""id"": ""80"", ""is_phishing"": true},
  {""id"": ""66780"", ""is_phishing"": true},
  {""id"": ""44017"", ""is_phishing"": true},
  {""id"": ""47046"", ""is_phishing"": true},
  {""id"": ""460"", ""is_phishing"": true},
  {""id"": ""44139"", ""is_phishing"": false},
  {""id"": ""39125"", ""is_phishing"": true},
  {""id"": ""48288"", ""is_phishing"": true}
]"
39125,150p direct dogging ec2a join laid largest locations moan mob msg network real sent tonight txting uk ur want,True,True,True,"[
  {""id"": ""54277"", ""is_phishing"": true},
  {""id"": ""42708"", ""is_phishing"": false},
  {""id"": ""80"", ""is_phishing"": true},
  {""id"": ""66780"", ""is_phishing"": true},
  {""id"": ""44017"", ""is_phishing"": true},
  {""id"": ""47046"", ""is_phishing"": true},
  {""id"": ""460"", ""is_phishing"": true},
  {""id"": ""44139"", ""is_phishing"": false},
  {""id"": ""39125"", ""is_phishing"": true},
  {""id"": ""48288"", ""is_phishing"": true}
]"
48288,100 draw enter gift registered replying stop text unsubscribe voucher,True,True,True,"[
  {""id"": ""54277"", ""is_phishing"": true},
  {""id"": ""42708"", ""is_phishing"": false},
  {""id"": ""80"", ""is_phishing"": true},
  {""id"": ""66780"", ""is_phishing"": true},
  {""id"": ""44017"", ""is_phishing"": true},
  {""id"": ""47046"", ""is_phishing"": true},
  {""id"": ""460"", ""is_phishing"": true},
  {""id"": ""44139"", ""is_phishing"": false},
  {""id"": ""39125"", ""is_phishing"": true},
  {""id"": ""48288"", ""is_phishing"": true}
]"
50947,"रेट रिवाइज़ जल्द ही, यमुना एक्सप्रेसवे पर एक्सपीरियंस बीचसाइड लिवंग सुपरच हॉलिडे विलेज एक्सपेंडेबल विला, आकार 1575/2200 वर्ग फुट। @27 लाख ऑनराइट एसएमएस आईसीएफ 54999 पर",True,True,True,"[
  {""id"": ""50947"", ""is_phishing"": true},
  {""id"": ""44587"", ""is_phishing"": false},
  {""id"": ""46701"", ""is_phishing"": false},
  {""id"": ""47277"", ""is_phishing"": false},
  {""id"": ""49175"", ""is_phishing"": true},
  {""id"": ""49881"", ""is_phishing"": true},
  {""id"": ""46523"", ""is_phishing"": false},
  {""id"": ""47838"", ""is_phishing"": false},
  {""id"": ""52822"", ""is_phishing"": true},
  {""id"": ""44939"", ""is_phishing"": false}
]"
44587,8007 card collection eerie free logo message mob pic plus spook tone txt zed,True,False,False,"[
  {""id"": ""50947"", ""is_phishing"": true},
  {""id"": ""44587"", ""is_phishing"": false},
  {""id"": ""46701"", ""is_phishing"": false},
  {""id"": ""47277"", ""is_phishing"": false},
  {""id"": ""49175"", ""is_phishing"": true},
  {""id"": ""49881"", ""is_phishing"": true},
  {""id"": ""46523"", ""is_phishing"": false},
  {""id"": ""47838"", ""is_phishing"": false},
  {""id"": ""52822"", ""is_phishing"": true},
  {""id"": ""44939"", ""is_phishing"": false}
]"
46701,50 84199 box39822 colour eng england flag free game ll man mobile official optout play poly right ringtone send stop text tone txt ur w111wx yer,True,False,False,"[
  {""id"": ""50947"", ""is_phishing"": true},
  {""id"": ""44587"", ""is_phishing"": false},
  {""id"": ""46701"", ""is_phishing"": false},
  {""id"": ""47277"", ""is_phishing"": false},
  {""id"": ""49175"", ""is_phishing"": true},
  {""id"": ""49881"", ""is_phishing"": true},
  {""id"": ""46523"", ""is_phishing"": false},
  {""id"": ""47838"", ""is_phishing"": false},
  {""id"": ""52822"", ""is_phishing"": true},
  {""id"": ""44939"", ""is_phishing"": false}
]"
47277,85 access adult couple days direct fixed free hi line minute number phone sending,True,False,False,"[
  {""id"": ""50947"", ""is_phishing"": true},
  {""id"": ""44587"", ""is_phishing"": false},
  {""id"": ""46701"", ""is_phishing"": false},
  {""id"": ""47277"", ""is_phishing"": false},
  {""id"": ""49175"", ""is_phishing"": true},
  {""id"": ""49881"", ""is_phishing"": true},
  {""id"": ""46523"", ""is_phishing"": false},
  {""id"": ""47838"", ""is_phishing"": false},
  {""id"": ""52822"", ""is_phishing"": true},
  {""id"": ""44939"", ""is_phishing"": false}
]"
49175,"1 টা স্টরি লিখে দিলে 40 টাকা
2 টা স্টরি 80 টাকা
5 টা লিখলে 200 টাকা
ডেইলি ৬-৭ টা পিক দেওয়া হবে সেটা দেখে দেখে লিখতে হবে শুধু।
😊 কাজ করার সাথে সাথেই পেমেন্ট পাবেন ইনশাআল্লাহ
এড ফি ৫০ টাকা ✅",True,True,True,"[
  {""id"": ""50947"", ""is_phishing"": true},
  {""id"": ""44587"", ""is_phishing"": false},
  {""id"": ""46701"", ""is_phishing"": false},
  {""id"": ""47277"", ""is_phishing"": false},
  {""id"": ""49175"", ""is_phishing"": true},
  {""id"": ""49881"", ""is_phishing"": true},
  {""id"": ""46523"", ""is_phishing"": false},
  {""id"": ""47838"", ""is_phishing"": false},
  {""id"": ""52822"", ""is_phishing"": true},
  {""id"": ""44939"", ""is_phishing"": false}
]"
49881,স্থিতিশীল কাজ। বেতন 1500 BDT/দিন। ঘরে বসে কাজ: cutt.ly/U6zMFGQ,True,True,True,"[
  {""id"": ""50947"", ""is_phishing"": true},
  {""id"": ""44587"", ""is_phishing"": false},
  {""id"": ""46701"", ""is_phishing"": false},
  {""id"": ""47277"", ""is_phishing"": false},
  {""id"": ""49175"", ""is_phishing"": true},
  {""id"": ""49881"", ""is_phishing"": true},
  {""id"": ""46523"", ""is_phishing"": false},
  {""id"": ""47838"", ""is_phishing"": false},
  {""id"": ""52822"", ""is_phishing"": true},
  {""id"": ""44939"", ""is_phishing"": false}
]"
46523,arcade buy chance charge dear free game games great o2 press purchase settings space std terms uk wap win,True,False,False,"[
  {""id"": ""50947"", ""is_phishing"": true},
  {""id"": ""44587"", ""is_phishing"": false},
  {""id"": ""46701"", ""is_phishing"": false},
  {""id"": ""47277"", ""is_phishing"": false},
  {""id"": ""49175"", ""is_phishing"": true},
  {""id"": ""49881"", ""is_phishing"": true},
  {""id"": ""46523"", ""is_phishing"": false},
  {""id"": ""47838"", ""is_phishing"": false},
  {""id"": ""52822"", ""is_phishing"": true},
  {""id"": ""44939"", ""is_phishing"": false}
]"
47838,150p action cost local looking married match matches msg phone real stop text txt,True,False,False,"[
  {""id"": ""50947"", ""is_phishing"": true},
  {""id"": ""44587"", ""is_phishing"": false},
  {""id"": ""46701"", ""is_phishing"": false},
  {""id"": ""47277"", ""is_phishing"": false},
  {""id"": ""49175"", ""is_phishing"": true},
  {""id"": ""49881"", ""is_phishing"": true},
  {""id"": ""46523"", ""is_phishing"": false},
  {""id"": ""47838"", ""is_phishing"": false},
  {""id"": ""52822"", ""is_phishing"": true},
  {""id"": ""44939"", ""is_phishing"": false}
]"
52822,अपने रिचार्ज अनुभव को साझा करने के लिए यहाँ क्लिक करें: https://www.jio.com/en-in/jio-rech-exp-survey-hindi?custid=BR000BELRN59,True,True,True,"[
  {""id"": ""50947"", ""is_phishing"": true},
  {""id"": ""44587"", ""is_phishing"": false},
  {""id"": ""46701"", ""is_phishing"": false},
  {""id"": ""47277"", ""is_phishing"": false},
  {""id"": ""49175"", ""is_phishing"": true},
  {""id"": ""49881"", ""is_phishing"": true},
  {""id"": ""46523"", ""is_phishing"": false},
  {""id"": ""47838"", ""is_phishing"": false},
  {""id"": ""52822"", ""is_phishing"": true},
  {""id"": ""44939"", ""is_phishing"": false}
]"
44939,150p 16 5000 await box cash collection cs holiday landline netcollex po sae urgent,True,False,False,"[
  {""id"": ""50947"", ""is_phishing"": true},
  {""id"": ""44587"", ""is_phishing"": false},
  {""id"": ""46701"", ""is_phishing"": false},
  {""id"": ""47277"", ""is_phishing"": false},
  {""id"": ""49175"", ""is_phishing"": true},
  {""id"": ""49881"", ""is_phishing"": true},
  {""id"": ""46523"", ""is_phishing"": false},
  {""id"": ""47838"", ""is_phishing"": false},
  {""id"": ""52822"", ""is_phishing"": true},
  {""id"": ""44939"", ""is_phishing"": false}
]"
49512,মাশরাফির সাথে ফ্রি ডিনার করার সুযোগ পেতে ক্যাসিনোতে বাজি ধরুন। শুরু করুন: promusic.co/components/interbank.com/,True,True,True,"[
  {""id"": ""49512"", ""is_phishing"": true},
  {""id"": ""45395"", ""is_phishing"": true},
  {""id"": ""43966"", ""is_phishing"": false},
  {""id"": ""50160"", ""is_phishing"": true},
  {""id"": ""46817"", ""is_phishing"": false},
  {""id"": ""52521"", ""is_phishing"": true},
  {""id"": ""46804"", ""is_phishing"": false},
  {""id"": ""47414"", ""is_phishing"": false},
  {""id"": ""497"", ""is_phishing"": false},
  {""id"": ""51860"", ""is_phishing"": true}
]"
45395,10p 2nd 750 bt claim contact easy min national pound prize rate time tried won,True,True,True,"[
  {""id"": ""49512"", ""is_phishing"": true},
  {""id"": ""45395"", ""is_phishing"": true},
  {""id"": ""43966"", ""is_phishing"": false},
  {""id"": ""50160"", ""is_phishing"": true},
  {""id"": ""46817"", ""is_phishing"": false},
  {""id"": ""52521"", ""is_phishing"": true},
  {""id"": ""46804"", ""is_phishing"": false},
  {""id"": ""47414"", ""is_phishing"": false},
  {""id"": ""497"", ""is_phishing"": false},
  {""id"": ""51860"", ""is_phishing"": true}
]"
43966,50 84199 box39822 colour eng england flag game mobile official optout poly ringtone stop text tone txt w111wx yer,True,False,False,"[
  {""id"": ""49512"", ""is_phishing"": true},
  {""id"": ""45395"", ""is_phishing"": true},
  {""id"": ""43966"", ""is_phishing"": false},
  {""id"": ""50160"", ""is_phishing"": true},
  {""id"": ""46817"", ""is_phishing"": false},
  {""id"": ""52521"", ""is_phishing"": true},
  {""id"": ""46804"", ""is_phishing"": false},
  {""id"": ""47414"", ""is_phishing"": false},
  {""id"": ""497"", ""is_phishing"": false},
  {""id"": ""51860"", ""is_phishing"": true}
]"
50160,আপনার অ্যাকাউন্টটি ভেরিফাই করতে কল করুন +8801813344556,True,True,True,"[
  {""id"": ""49512"", ""is_phishing"": true},
  {""id"": ""45395"", ""is_phishing"": true},
  {""id"": ""43966"", ""is_phishing"": false},
  {""id"": ""50160"", ""is_phishing"": true},
  {""id"": ""46817"", ""is_phishing"": false},
  {""id"": ""52521"", ""is_phishing"": true},
  {""id"": ""46804"", ""is_phishing"": false},
  {""id"": ""47414"", ""is_phishing"": false},
  {""id"": ""497"", ""is_phishing"": false},
  {""id"": ""51860"", ""is_phishing"": true}
]"
46817,admirer contact looking make reveal secret special thinks ur,True,False,False,"[
  {""id"": ""49512"", ""is_phishing"": true},
  {""id"": ""45395"", ""is_phishing"": true},
  {""id"": ""43966"", ""is_phishing"": false},
  {""id"": ""50160"", ""is_phishing"": true},
  {""id"": ""46817"", ""is_phishing"": false},
  {""id"": ""52521"", ""is_phishing"": true},
  {""id"": ""46804"", ""is_phishing"": false},
  {""id"": ""47414"", ""is_phishing"": false},
  {""id"": ""497"", ""is_phishing"": false},
  {""id"": ""51860"", ""is_phishing"": true}
]"
52521,आपका KYC विवरण अधूरा है। अकाउंट बंद होने से बचने के लिए अभी अपडेट करें: http://secure-kyc-update.com,True,True,True,"[
  {""id"": ""49512"", ""is_phishing"": true},
  {""id"": ""45395"", ""is_phishing"": true},
  {""id"": ""43966"", ""is_phishing"": false},
  {""id"": ""50160"", ""is_phishing"": true},
  {""id"": ""46817"", ""is_phishing"": false},
  {""id"": ""52521"", ""is_phishing"": true},
  {""id"": ""46804"", ""is_phishing"": false},
  {""id"": ""47414"", ""is_phishing"": false},
  {""id"": ""497"", ""is_phishing"": false},
  {""id"": ""51860"", ""is_phishing"": true}
]"
46804,12 help lost,True,False,False,"[
  {""id"": ""49512"", ""is_phishing"": true},
  {""id"": ""45395"", ""is_phishing"": true},
  {""id"": ""43966"", ""is_phishing"": false},
  {""id"": ""50160"", ""is_phishing"": true},
  {""id"": ""46817"", ""is_phishing"": false},
  {""id"": ""52521"", ""is_phishing"": true},
  {""id"": ""46804"", ""is_phishing"": false},
  {""id"": ""47414"", ""is_phishing"": false},
  {""id"": ""497"", ""is_phishing"": false},
  {""id"": ""51860"", ""is_phishing"": true}
]"
47414,09061221066 28 awarded camera days delivery digital fromm landline sipix,True,False,False,"[
  {""id"": ""49512"", ""is_phishing"": true},
  {""id"": ""45395"", ""is_phishing"": true},
  {""id"": ""43966"", ""is_phishing"": false},
  {""id"": ""50160"", ""is_phishing"": true},
  {""id"": ""46817"", ""is_phishing"": false},
  {""id"": ""52521"", ""is_phishing"": true},
  {""id"": ""46804"", ""is_phishing"": false},
  {""id"": ""47414"", ""is_phishing"": false},
  {""id"": ""497"", ""is_phishing"": false},
  {""id"": ""51860"", ""is_phishing"": true}
]"
497,"Dear Customer, we have successfully processed the payment of INR 022.87 for Google Workspace, as per the Standing Instruction WraOBd8SWH, on 03/10/2025 for your ICICI Bank Credit Card 4732. To manage your Standing Instructions, visit https://icici.co/ICICIT/GHxixu >Cards >Credit Cards>Standing Instructions and Recurring Charges>Manage Standing Instructions.",True,False,False,"[
  {""id"": ""49512"", ""is_phishing"": true},
  {""id"": ""45395"", ""is_phishing"": true},
  {""id"": ""43966"", ""is_phishing"": false},
  {""id"": ""50160"", ""is_phishing"": true},
  {""id"": ""46817"", ""is_phishing"": false},
  {""id"": ""52521"", ""is_phishing"": true},
  {""id"": ""46804"", ""is_phishing"": false},
  {""id"": ""47414"", ""is_phishing"": false},
  {""id"": ""497"", ""is_phishing"": false},
  {""id"": ""51860"", ""is_phishing"": true}
]"
51860,एमएसएमई ऋण 2024 - अपना मोबाइल नंबर सत्यापित करें और मिनटों में ऋण पात्रता की जांच करें! SR3.in/O35i3B-1Ei78i70i7C0,True,True,True,"[
  {""id"": ""49512"", ""is_phishing"": true},
  {""id"": ""45395"", ""is_phishing"": true},
  {""id"": ""43966"", ""is_phishing"": false},
  {""id"": ""50160"", ""is_phishing"": true},
  {""id"": ""46817"", ""is_phishing"": false},
  {""id"": ""52521"", ""is_phishing"": true},
  {""id"": ""46804"", ""is_phishing"": false},
  {""id"": ""47414"", ""is_phishing"": false},
  {""id"": ""497"", ""is_phishing"": false},
  {""id"": ""51860"", ""is_phishing"": true}
]"
45059,0870 08707509020 1327 20p 5wb box chance cr9 croydon fantasies fantasy hot just live min national ntt po rate,True,True,True,"[
  {""id"": ""45059"", ""is_phishing"": true},
  {""id"": ""54237"", ""is_phishing"": false},
  {""id"": ""48644"", ""is_phishing"": true},
  {""id"": ""44390"", ""is_phishing"": true},
  {""id"": ""47236"", ""is_phishing"": true},
  {""id"": ""45420"", ""is_phishing"": false},
  {""id"": ""45599"", ""is_phishing"": false},
  {""id"": ""44472"", ""is_phishing"": true},
  {""id"": ""44670"", ""is_phishing"": false},
  {""id"": ""45330"", ""is_phishing"": true}
]"
54237,रिटर्न पाएं 30% प्रति माह! आज ही निवेश करें और 30% का मासिक रिटर्न प्राप्त करें। केवल सीमित समय के लिए। जल्दी करें!,True,False,False,"[
  {""id"": ""45059"", ""is_phishing"": true},
  {""id"": ""54237"", ""is_phishing"": false},
  {""id"": ""48644"", ""is_phishing"": true},
  {""id"": ""44390"", ""is_phishing"": true},
  {""id"": ""47236"", ""is_phishing"": true},
  {""id"": ""45420"", ""is_phishing"": false},
  {""id"": ""45599"", ""is_phishing"": false},
  {""id"": ""44472"", ""is_phishing"": true},
  {""id"": ""44670"", ""is_phishing"": false},
  {""id"": ""45330"", ""is_phishing"": true}
]"
48644,নগদ অ্যাকাউন্টে ত্রুটি দেখা দিয়েছে। বিস্তারিত জানতে এখানে ক্লিক করুন: https://t.me/NagadErrorBot,True,True,True,"[
  {""id"": ""45059"", ""is_phishing"": true},
  {""id"": ""54237"", ""is_phishing"": false},
  {""id"": ""48644"", ""is_phishing"": true},
  {""id"": ""44390"", ""is_phishing"": true},
  {""id"": ""47236"", ""is_phishing"": true},
  {""id"": ""45420"", ""is_phishing"": false},
  {""id"": ""45599"", ""is_phishing"": false},
  {""id"": ""44472"", ""is_phishing"": true},
  {""id"": ""44670"", ""is_phishing"": false},
  {""id"": ""45330"", ""is_phishing"": true}
]"
44390,150p 16 1st 8007 club com fantastic free game gr8 hit nokia poly polys reply review tones txt unsubscribe wk word www,True,True,True,"[
  {""id"": ""45059"", ""is_phishing"": true},
  {""id"": ""54237"", ""is_phishing"": false},
  {""id"": ""48644"", ""is_phishing"": true},
  {""id"": ""44390"", ""is_phishing"": true},
  {""id"": ""47236"", ""is_phishing"": true},
  {""id"": ""45420"", ""is_phishing"": false},
  {""id"": ""45599"", ""is_phishing"": false},
  {""id"": ""44472"", ""is_phishing"": true},
  {""id"": ""44670"", ""is_phishing"": false},
  {""id"": ""45330"", ""is_phishing"": true}
]"
47236,150p 400 40gb 50 500 83355 collect guaranteed ipod latest mobile mp3 mtmsgrcvd18 nokia phone player prize reply txt win word,True,True,True,"[
  {""id"": ""45059"", ""is_phishing"": true},
  {""id"": ""54237"", ""is_phishing"": false},
  {""id"": ""48644"", ""is_phishing"": true},
  {""id"": ""44390"", ""is_phishing"": true},
  {""id"": ""47236"", ""is_phishing"": true},
  {""id"": ""45420"", ""is_phishing"": false},
  {""id"": ""45599"", ""is_phishing"": false},
  {""id"": ""44472"", ""is_phishing"": true},
  {""id"": ""44670"", ""is_phishing"": false},
  {""id"": ""45330"", ""is_phishing"": true}
]"
45420,08000839402 best bluetooth call2optout camera cs double free great latest linerental mins mobiles mobileupd8 new offer offers orange phones price tariffs txt,True,False,False,"[
  {""id"": ""45059"", ""is_phishing"": true},
  {""id"": ""54237"", ""is_phishing"": false},
  {""id"": ""48644"", ""is_phishing"": true},
  {""id"": ""44390"", ""is_phishing"": true},
  {""id"": ""47236"", ""is_phishing"": true},
  {""id"": ""45420"", ""is_phishing"": false},
  {""id"": ""45599"", ""is_phishing"": false},
  {""id"": ""44472"", ""is_phishing"": true},
  {""id"": ""44670"", ""is_phishing"": false},
  {""id"": ""45330"", ""is_phishing"": true}
]"
45599,16 apply award close cost cs receive selected specially,True,False,False,"[
  {""id"": ""45059"", ""is_phishing"": true},
  {""id"": ""54237"", ""is_phishing"": false},
  {""id"": ""48644"", ""is_phishing"": true},
  {""id"": ""44390"", ""is_phishing"": true},
  {""id"": ""47236"", ""is_phishing"": true},
  {""id"": ""45420"", ""is_phishing"": false},
  {""id"": ""45599"", ""is_phishing"": false},
  {""id"": ""44472"", ""is_phishing"": true},
  {""id"": ""44670"", ""is_phishing"": false},
  {""id"": ""45330"", ""is_phishing"": true}
]"
44472,apply bloomberg center com credits future http message pin wait www,True,True,True,"[
  {""id"": ""45059"", ""is_phishing"": true},
  {""id"": ""54237"", ""is_phishing"": false},
  {""id"": ""48644"", ""is_phishing"": true},
  {""id"": ""44390"", ""is_phishing"": true},
  {""id"": ""47236"", ""is_phishing"": true},
  {""id"": ""45420"", ""is_phishing"": false},
  {""id"": ""45599"", ""is_phishing"": false},
  {""id"": ""44472"", ""is_phishing"": true},
  {""id"": ""44670"", ""is_phishing"": false},
  {""id"": ""45330"", ""is_phishing"": true}
]"
44670,ac bid dvd end reply sms visit,True,False,False,"[
  {""id"": ""45059"", ""is_phishing"": true},
  {""id"": ""54237"", ""is_phishing"": false},
  {""id"": ""48644"", ""is_phishing"": true},
  {""id"": ""44390"", ""is_phishing"": true},
  {""id"": ""47236"", ""is_phishing"": true},
  {""id"": ""45420"", ""is_phishing"": false},
  {""id"": ""45599"", ""is_phishing"": false},
  {""id"": ""44472"", ""is_phishing"": true},
  {""id"": ""44670"", ""is_phishing"": false},
  {""id"": ""45330"", ""is_phishing"": true}
]"
45330,1000 5000 careful cash claim details enter mobile personal prize tells ur win worth,True,True,True,"[
  {""id"": ""45059"", ""is_phishing"": true},
  {""id"": ""54237"", ""is_phishing"": false},
  {""id"": ""48644"", ""is_phishing"": true},
  {""id"": ""44390"", ""is_phishing"": true},
  {""id"": ""47236"", ""is_phishing"": true},
  {""id"": ""45420"", ""is_phishing"": false},
  {""id"": ""45599"", ""is_phishing"": false},
  {""id"": ""44472"", ""is_phishing"": true},
  {""id"": ""44670"", ""is_phishing"": false},
  {""id"": ""45330"", ""is_phishing"": true}
]"
48453,বিনামূল্যে ক্রিপ্টো পাওয়ার সুযোগ! এখানে ক্লিক করুন: http://bit.ly/FreeCrypto,True,True,True,"[
  {""id"": ""48453"", ""is_phishing"": true},
  {""id"": ""51527"", ""is_phishing"": true},
  {""id"": ""44852"", ""is_phishing"": false},
  {""id"": ""48073"", ""is_phishing"": false},
  {""id"": ""46248"", ""is_phishing"": false},
  {""id"": ""49485"", ""is_phishing"": true},
  {""id"": ""67841"", ""is_phishing"": true},
  {""id"": ""46633"", ""is_phishing"": false},
  {""id"": ""41814"", ""is_phishing"": false},
  {""id"": ""45054"", ""is_phishing"": false}
]"
51527,"IBSAT के लिए आवेदन करने के लिए जल्दी करें! निःशुल्क मॉक के साथ तैयारी करें और 2 लाख की छात्रवृत्ति प्राप्त करें! IBS हैदराबाद AACSB मान्यता प्राप्त NIRF 39 अभी आवेदन करें https://vm.ltd/IBSMBA/zfomBLIBS हैदराबाद, NIRF रैंक #39, प्रत्येक 2 लाख मूल्य की 500 छात्रवृत्तियाँ। AACSB मान्यता प्राप्त उच्चतम प्लेसमेंट 21.0 LPA IBSAT 24 अभी आवेदन करें https://vm.ltd/IBSMBA/zfomBL",True,True,True,"[
  {""id"": ""48453"", ""is_phishing"": true},
  {""id"": ""51527"", ""is_phishing"": true},
  {""id"": ""44852"", ""is_phishing"": false},
  {""id"": ""48073"", ""is_phishing"": false},
  {""id"": ""46248"", ""is_phishing"": false},
  {""id"": ""49485"", ""is_phishing"": true},
  {""id"": ""67841"", ""is_phishing"": true},
  {""id"": ""46633"", ""is_phishing"": false},
  {""id"": ""41814"", ""is_phishing"": false},
  {""id"": ""45054"", ""is_phishing"": false}
]"
44852,150p 40gb 500 83355 collect guaranteed ipod latest mp3 mtmsgrcvd18 nokia phone player prize txt word,True,False,False,"[
  {""id"": ""48453"", ""is_phishing"": true},
  {""id"": ""51527"", ""is_phishing"": true},
  {""id"": ""44852"", ""is_phishing"": false},
  {""id"": ""48073"", ""is_phishing"": false},
  {""id"": ""46248"", ""is_phishing"": false},
  {""id"": ""49485"", ""is_phishing"": true},
  {""id"": ""67841"", ""is_phishing"": true},
  {""id"": ""46633"", ""is_phishing"": false},
  {""id"": ""41814"", ""is_phishing"": false},
  {""id"": ""45054"", ""is_phishing"": false}
]"
48073,100 80062 ans correct draw entered gift receipt registered subscriber txt voucher yr,True,False,False,"[
  {""id"": ""48453"", ""is_phishing"": true},
  {""id"": ""51527"", ""is_phishing"": true},
  {""id"": ""44852"", ""is_phishing"": false},
  {""id"": ""48073"", ""is_phishing"": false},
  {""id"": ""46248"", ""is_phishing"": false},
  {""id"": ""49485"", ""is_phishing"": true},
  {""id"": ""67841"", ""is_phishing"": true},
  {""id"": ""46633"", ""is_phishing"": false},
  {""id"": ""41814"", ""is_phishing"": false},
  {""id"": ""45054"", ""is_phishing"": false}
]"
46248,150pm 5we bx420 cinema congrats dont free ip4 miss pass special year,True,False,False,"[
  {""id"": ""48453"", ""is_phishing"": true},
  {""id"": ""51527"", ""is_phishing"": true},
  {""id"": ""44852"", ""is_phishing"": false},
  {""id"": ""48073"", ""is_phishing"": false},
  {""id"": ""46248"", ""is_phishing"": false},
  {""id"": ""49485"", ""is_phishing"": true},
  {""id"": ""67841"", ""is_phishing"": true},
  {""id"": ""46633"", ""is_phishing"": false},
  {""id"": ""41814"", ""is_phishing"": false},
  {""id"": ""45054"", ""is_phishing"": false}
]"
49485,আপনার ফোনে ভাইরাস ধরা পড়েছে। দ্রুত স্ক্যান করতে কল করুন +8801811122334,True,True,True,"[
  {""id"": ""48453"", ""is_phishing"": true},
  {""id"": ""51527"", ""is_phishing"": true},
  {""id"": ""44852"", ""is_phishing"": false},
  {""id"": ""48073"", ""is_phishing"": false},
  {""id"": ""46248"", ""is_phishing"": false},
  {""id"": ""49485"", ""is_phishing"": true},
  {""id"": ""67841"", ""is_phishing"": true},
  {""id"": ""46633"", ""is_phishing"": false},
  {""id"": ""41814"", ""is_phishing"": false},
  {""id"": ""45054"", ""is_phishing"": false}
]"
67841,"FREE MESSAGE Activate your 500 FREE Text Messages by replying to this message with the word FREE For terms & conditions, visit www.07781482378.com",True,True,True,"[
  {""id"": ""48453"", ""is_phishing"": true},
  {""id"": ""51527"", ""is_phishing"": true},
  {""id"": ""44852"", ""is_phishing"": false},
  {""id"": ""48073"", ""is_phishing"": false},
  {""id"": ""46248"", ""is_phishing"": false},
  {""id"": ""49485"", ""is_phishing"": true},
  {""id"": ""67841"", ""is_phishing"": true},
  {""id"": ""46633"", ""is_phishing"": false},
  {""id"": ""41814"", ""is_phishing"": false},
  {""id"": ""45054"", ""is_phishing"": false}
]"
46633,18 1st 25p 50 energy fun got guys like look lucozade new oz rally sex takes text txt uk wrc,True,False,False,"[
  {""id"": ""48453"", ""is_phishing"": true},
  {""id"": ""51527"", ""is_phishing"": true},
  {""id"": ""44852"", ""is_phishing"": false},
  {""id"": ""48073"", ""is_phishing"": false},
  {""id"": ""46248"", ""is_phishing"": false},
  {""id"": ""49485"", ""is_phishing"": true},
  {""id"": ""67841"", ""is_phishing"": true},
  {""id"": ""46633"", ""is_phishing"": false},
  {""id"": ""41814"", ""is_phishing"": false},
  {""id"": ""45054"", ""is_phishing"": false}
]"
41814,2nd b4 claim contact cs just prize sms stop time tried won,True,False,False,"[
  {""id"": ""48453"", ""is_phishing"": true},
  {""id"": ""51527"", ""is_phishing"": true},
  {""id"": ""44852"", ""is_phishing"": false},
  {""id"": ""48073"", ""is_phishing"": false},
  {""id"": ""46248"", ""is_phishing"": false},
  {""id"": ""49485"", ""is_phishing"": true},
  {""id"": ""67841"", ""is_phishing"": true},
  {""id"": ""46633"", ""is_phishing"": false},
  {""id"": ""41814"", ""is_phishing"": false},
  {""id"": ""45054"", ""is_phishing"": false}
]"
45054,08712460324 10p calling don fun min miss rate stop texts weekend,True,False,False,"[
  {""id"": ""48453"", ""is_phishing"": true},
  {""id"": ""51527"", ""is_phishing"": true},
  {""id"": ""44852"", ""is_phishing"": false},
  {""id"": ""48073"", ""is_phishing"": false},
  {""id"": ""46248"", ""is_phishing"": false},
  {""id"": ""49485"", ""is_phishing"": true},
  {""id"": ""67841"", ""is_phishing"": true},
  {""id"": ""46633"", ""is_phishing"": false},
  {""id"": ""41814"", ""is_phishing"": false},
  {""id"": ""45054"", ""is_phishing"": false}
]"
67271,"Orange customer, you may now claim your FREE CAMERA PHONE upgrade for your loyalty. Call now on 0207 153 9996. Offer ends 14thMarch. T&C's apply. Opt-out availa",True,True,True,"[
  {""id"": ""67271"", ""is_phishing"": true},
  {""id"": ""47959"", ""is_phishing"": true},
  {""id"": ""46888"", ""is_phishing"": true},
  {""id"": ""45087"", ""is_phishing"": false},
  {""id"": ""30813"", ""is_phishing"": false},
  {""id"": ""47951"", ""is_phishing"": true},
  {""id"": ""46665"", ""is_phishing"": false},
  {""id"": ""49321"", ""is_phishing"": true},
  {""id"": ""67721"", ""is_phishing"": true},
  {""id"": ""46240"", ""is_phishing"": false}
]"
47959,100 500 87066 awarded cd com1win150ppmx3age16 congratulations draw entry free gift ldew music tncs txt ur vouchers weekly www xmas,True,True,True,"[
  {""id"": ""67271"", ""is_phishing"": true},
  {""id"": ""47959"", ""is_phishing"": true},
  {""id"": ""46888"", ""is_phishing"": true},
  {""id"": ""45087"", ""is_phishing"": false},
  {""id"": ""30813"", ""is_phishing"": false},
  {""id"": ""47951"", ""is_phishing"": true},
  {""id"": ""46665"", ""is_phishing"": false},
  {""id"": ""49321"", ""is_phishing"": true},
  {""id"": ""67721"", ""is_phishing"": true},
  {""id"": ""46240"", ""is_phishing"": false}
]"
46888,0870 08707509020 1327 20p 5wb box cr9 croydon fantasies hot just live min national ntt po rate,True,True,True,"[
  {""id"": ""67271"", ""is_phishing"": true},
  {""id"": ""47959"", ""is_phishing"": true},
  {""id"": ""46888"", ""is_phishing"": true},
  {""id"": ""45087"", ""is_phishing"": false},
  {""id"": ""30813"", ""is_phishing"": false},
  {""id"": ""47951"", ""is_phishing"": true},
  {""id"": ""46665"", ""is_phishing"": false},
  {""id"": ""49321"", ""is_phishing"": true},
  {""id"": ""67721"", ""is_phishing"": true},
  {""id"": ""46240"", ""is_phishing"": false}
]"
45087,08002986906 11 11mths camera colour december entitled free latest mobile mobiles months update,True,False,False,"[
  {""id"": ""67271"", ""is_phishing"": true},
  {""id"": ""47959"", ""is_phishing"": true},
  {""id"": ""46888"", ""is_phishing"": true},
  {""id"": ""45087"", ""is_phishing"": false},
  {""id"": ""30813"", ""is_phishing"": false},
  {""id"": ""47951"", ""is_phishing"": true},
  {""id"": ""46665"", ""is_phishing"": false},
  {""id"": ""49321"", ""is_phishing"": true},
  {""id"": ""67721"", ""is_phishing"": true},
  {""id"": ""46240"", ""is_phishing"": false}
]"
30813,SMS,True,False,False,"[
  {""id"": ""67271"", ""is_phishing"": true},
  {""id"": ""47959"", ""is_phishing"": true},
  {""id"": ""46888"", ""is_phishing"": true},
  {""id"": ""45087"", ""is_phishing"": false},
  {""id"": ""30813"", ""is_phishing"": false},
  {""id"": ""47951"", ""is_phishing"": true},
  {""id"": ""46665"", ""is_phishing"": false},
  {""id"": ""49321"", ""is_phishing"": true},
  {""id"": ""67721"", ""is_phishing"": true},
  {""id"": ""46240"", ""is_phishing"": false}
]"
47951,00 150 16 85023 chance claim cs discount m263uz member mobile offer offers pobox84 reply savamob shop sub text today unsub ur vouchers worth yes,True,True,True,"[
  {""id"": ""67271"", ""is_phishing"": true},
  {""id"": ""47959"", ""is_phishing"": true},
  {""id"": ""46888"", ""is_phishing"": true},
  {""id"": ""45087"", ""is_phishing"": false},
  {""id"": ""30813"", ""is_phishing"": false},
  {""id"": ""47951"", ""is_phishing"": true},
  {""id"": ""46665"", ""is_phishing"": false},
  {""id"": ""49321"", ""is_phishing"": true},
  {""id"": ""67721"", ""is_phishing"": true},
  {""id"": ""46240"", ""is_phishing"": false}
]"
46665,announcement customer important service,True,False,False,"[
  {""id"": ""67271"", ""is_phishing"": true},
  {""id"": ""47959"", ""is_phishing"": true},
  {""id"": ""46888"", ""is_phishing"": true},
  {""id"": ""45087"", ""is_phishing"": false},
  {""id"": ""30813"", ""is_phishing"": false},
  {""id"": ""47951"", ""is_phishing"": true},
  {""id"": ""46665"", ""is_phishing"": false},
  {""id"": ""49321"", ""is_phishing"": true},
  {""id"": ""67721"", ""is_phishing"": true},
  {""id"": ""46240"", ""is_phishing"": false}
]"
49321,জনতা ব্যাংক অ্যাকাউন্ট ব্লক হয়েছে। পুনরায় চালু করতে কল করুন: +8801815566778,True,True,True,"[
  {""id"": ""67271"", ""is_phishing"": true},
  {""id"": ""47959"", ""is_phishing"": true},
  {""id"": ""46888"", ""is_phishing"": true},
  {""id"": ""45087"", ""is_phishing"": false},
  {""id"": ""30813"", ""is_phishing"": false},
  {""id"": ""47951"", ""is_phishing"": true},
  {""id"": ""46665"", ""is_phishing"": false},
  {""id"": ""49321"", ""is_phishing"": true},
  {""id"": ""67721"", ""is_phishing"": true},
  {""id"": ""46240"", ""is_phishing"": false}
]"
67721,"Update_Now - Xmas Offer! Latest Motorola, SonyEricsson & Nokia & FREE Bluetooth! Double Mins & 1000 Txt on Orange. Call MobileUpd8 on 08000839402 or call2optout/F4Q=",True,True,True,"[
  {""id"": ""67271"", ""is_phishing"": true},
  {""id"": ""47959"", ""is_phishing"": true},
  {""id"": ""46888"", ""is_phishing"": true},
  {""id"": ""45087"", ""is_phishing"": false},
  {""id"": ""30813"", ""is_phishing"": false},
  {""id"": ""47951"", ""is_phishing"": true},
  {""id"": ""46665"", ""is_phishing"": false},
  {""id"": ""49321"", ""is_phishing"": true},
  {""id"": ""67721"", ""is_phishing"": true},
  {""id"": ""46240"", ""is_phishing"": false}
]"
46240,50 82277 ansr country dvd know mid played player quiz sony sp sunshine super text txt tyrone week win wkly,True,False,False,"[
  {""id"": ""67271"", ""is_phishing"": true},
  {""id"": ""47959"", ""is_phishing"": true},
  {""id"": ""46888"", ""is_phishing"": true},
  {""id"": ""45087"", ""is_phishing"": false},
  {""id"": ""30813"", ""is_phishing"": false},
  {""id"": ""47951"", ""is_phishing"": true},
  {""id"": ""46665"", ""is_phishing"": false},
  {""id"": ""49321"", ""is_phishing"": true},
  {""id"": ""67721"", ""is_phishing"": true},
  {""id"": ""46240"", ""is_phishing"": false}
]"
47095,content download goto internet menu mobile msg order receive service tv ur wap way,True,False,False,"[
  {""id"": ""47095"", ""is_phishing"": false},
  {""id"": ""45303"", ""is_phishing"": false},
  {""id"": ""50360"", ""is_phishing"": true},
  {""id"": ""51982"", ""is_phishing"": false},
  {""id"": ""47003"", ""is_phishing"": false},
  {""id"": ""52673"", ""is_phishing"": false},
  {""id"": ""51249"", ""is_phishing"": false},
  {""id"": ""47702"", ""is_phishing"": false},
  {""id"": ""49844"", ""is_phishing"": true},
  {""id"": ""53805"", ""is_phishing"": true}
]"
45303,admirer contact looking make reveal secret special thinks ur,True,False,False,"[
  {""id"": ""47095"", ""is_phishing"": false},
  {""id"": ""45303"", ""is_phishing"": false},
  {""id"": ""50360"", ""is_phishing"": true},
  {""id"": ""51982"", ""is_phishing"": false},
  {""id"": ""47003"", ""is_phishing"": false},
  {""id"": ""52673"", ""is_phishing"": false},
  {""id"": ""51249"", ""is_phishing"": false},
  {""id"": ""47702"", ""is_phishing"": false},
  {""id"": ""49844"", ""is_phishing"": true},
  {""id"": ""53805"", ""is_phishing"": true}
]"
50360,"ফ্রি ইনকাম daily ১৫০০/-
https://t.me/DailyEarn_Money_bot?start=r09374471604",True,True,True,"[
  {""id"": ""47095"", ""is_phishing"": false},
  {""id"": ""45303"", ""is_phishing"": false},
  {""id"": ""50360"", ""is_phishing"": true},
  {""id"": ""51982"", ""is_phishing"": false},
  {""id"": ""47003"", ""is_phishing"": false},
  {""id"": ""52673"", ""is_phishing"": false},
  {""id"": ""51249"", ""is_phishing"": false},
  {""id"": ""47702"", ""is_phishing"": false},
  {""id"": ""49844"", ""is_phishing"": true},
  {""id"": ""53805"", ""is_phishing"": true}
]"
51982,सप्ताहांत में छुट्टियाँ... सप्ताहांत में छुट्टियाँ! आप भारत के जिस हिस्से में रहते हैं उसे चुनकर अपना गंतव्य चुनें 1) उत्तर 2) दक्षिण 3) पूर्व 4) पश्चिम 5) केंद्र ^1/2/3/4/5 एयरसेल पर ब्लीक पर आपके सभी उत्तर निःशुल्क हैं।,True,False,False,"[
  {""id"": ""47095"", ""is_phishing"": false},
  {""id"": ""45303"", ""is_phishing"": false},
  {""id"": ""50360"", ""is_phishing"": true},
  {""id"": ""51982"", ""is_phishing"": false},
  {""id"": ""47003"", ""is_phishing"": false},
  {""id"": ""52673"", ""is_phishing"": false},
  {""id"": ""51249"", ""is_phishing"": false},
  {""id"": ""47702"", ""is_phishing"": false},
  {""id"": ""49844"", ""is_phishing"": true},
  {""id"": ""53805"", ""is_phishing"": true}
]"
47003,3gbp apply best fone network new operator original rates reply ringtones text tone tones uk ur want weekly www,True,False,False,"[
  {""id"": ""47095"", ""is_phishing"": false},
  {""id"": ""45303"", ""is_phishing"": false},
  {""id"": ""50360"", ""is_phishing"": true},
  {""id"": ""51982"", ""is_phishing"": false},
  {""id"": ""47003"", ""is_phishing"": false},
  {""id"": ""52673"", ""is_phishing"": false},
  {""id"": ""51249"", ""is_phishing"": false},
  {""id"": ""47702"", ""is_phishing"": false},
  {""id"": ""49844"", ""is_phishing"": true},
  {""id"": ""53805"", ""is_phishing"": true}
]"
52673,"12 रुपये से रिचार्ज करें और तुरंत 8.9 रुपये का टॉकटाइम पाएं, साथ ही रात 11 बजे से शाम 6 बजे के बीच 30 दिनों के लिए केवल 30 पैसे/मिनट पर सभी स्थानीय कॉल करें! रिचार्ज के 48 घंटे में टैरिफ लाभ!",True,False,False,"[
  {""id"": ""47095"", ""is_phishing"": false},
  {""id"": ""45303"", ""is_phishing"": false},
  {""id"": ""50360"", ""is_phishing"": true},
  {""id"": ""51982"", ""is_phishing"": false},
  {""id"": ""47003"", ""is_phishing"": false},
  {""id"": ""52673"", ""is_phishing"": false},
  {""id"": ""51249"", ""is_phishing"": false},
  {""id"": ""47702"", ""is_phishing"": false},
  {""id"": ""49844"", ""is_phishing"": true},
  {""id"": ""53805"", ""is_phishing"": true}
]"
51249,"केवल 4 सप्ताह में 5 किलोग्राम तक वजन कम करें! नए 3 इन 1 के साथ, सुआना स्लिम बेल्ट, टीएमआरपी.2499कॉम, सीधी कीमत 999+ 300 मूल्य, पॉकेट जिम रस्सी मुफ्त, बुकिंग के लिए एसएमएस:एसएलआईएम से 57333 पर भेजें।",True,False,False,"[
  {""id"": ""47095"", ""is_phishing"": false},
  {""id"": ""45303"", ""is_phishing"": false},
  {""id"": ""50360"", ""is_phishing"": true},
  {""id"": ""51982"", ""is_phishing"": false},
  {""id"": ""47003"", ""is_phishing"": false},
  {""id"": ""52673"", ""is_phishing"": false},
  {""id"": ""51249"", ""is_phishing"": false},
  {""id"": ""47702"", ""is_phishing"": false},
  {""id"": ""49844"", ""is_phishing"": true},
  {""id"": ""53805"", ""is_phishing"": true}
]"
47702,awarded bonus customer following mob pleased prize review valued,True,False,False,"[
  {""id"": ""47095"", ""is_phishing"": false},
  {""id"": ""45303"", ""is_phishing"": false},
  {""id"": ""50360"", ""is_phishing"": true},
  {""id"": ""51982"", ""is_phishing"": false},
  {""id"": ""47003"", ""is_phishing"": false},
  {""id"": ""52673"", ""is_phishing"": false},
  {""id"": ""51249"", ""is_phishing"": false},
  {""id"": ""47702"", ""is_phishing"": false},
  {""id"": ""49844"", ""is_phishing"": true},
  {""id"": ""53805"", ""is_phishing"": true}
]"
49844,জনতা ব্যাংক থেকে জরুরি বার্তা। কল করুন: +8801918788890,True,True,True,"[
  {""id"": ""47095"", ""is_phishing"": false},
  {""id"": ""45303"", ""is_phishing"": false},
  {""id"": ""50360"", ""is_phishing"": true},
  {""id"": ""51982"", ""is_phishing"": false},
  {""id"": ""47003"", ""is_phishing"": false},
  {""id"": ""52673"", ""is_phishing"": false},
  {""id"": ""51249"", ""is_phishing"": false},
  {""id"": ""47702"", ""is_phishing"": false},
  {""id"": ""49844"", ""is_phishing"": true},
  {""id"": ""53805"", ""is_phishing"": true}
]"
53805,खुद को अमीर बनाने के लिए केवल एक कदम दूर हैं! यहाँ क्लिक करके शुरुआत करें: www.fastmoney.com,True,True,True,"[
  {""id"": ""47095"", ""is_phishing"": false},
  {""id"": ""45303"", ""is_phishing"": false},
  {""id"": ""50360"", ""is_phishing"": true},
  {""id"": ""51982"", ""is_phishing"": false},
  {""id"": ""47003"", ""is_phishing"": false},
  {""id"": ""52673"", ""is_phishing"": false},
  {""id"": ""51249"", ""is_phishing"": false},
  {""id"": ""47702"", ""is_phishing"": false},
  {""id"": ""49844"", ""is_phishing"": true},
  {""id"": ""53805"", ""is_phishing"": true}
]"
46400,150 150ppm 18 alert big box brother bt cash computer cost landline mobiles ntt po selected vary voucher,True,False,False,"[
  {""id"": ""46400"", ""is_phishing"": false},
  {""id"": ""44982"", ""is_phishing"": true},
  {""id"": ""54048"", ""is_phishing"": false},
  {""id"": ""48266"", ""is_phishing"": false},
  {""id"": ""41037"", ""is_phishing"": false},
  {""id"": ""45349"", ""is_phishing"": false},
  {""id"": ""48296"", ""is_phishing"": true},
  {""id"": ""45423"", ""is_phishing"": false},
  {""id"": ""53998"", ""is_phishing"": true},
  {""id"": ""46577"", ""is_phishing"": false}
]"
44982,200 88039 age16 awarded break city number shopping skilgme spree store summer txt ur win wk,True,True,True,"[
  {""id"": ""46400"", ""is_phishing"": false},
  {""id"": ""44982"", ""is_phishing"": true},
  {""id"": ""54048"", ""is_phishing"": false},
  {""id"": ""48266"", ""is_phishing"": false},
  {""id"": ""41037"", ""is_phishing"": false},
  {""id"": ""45349"", ""is_phishing"": false},
  {""id"": ""48296"", ""is_phishing"": true},
  {""id"": ""45423"", ""is_phishing"": false},
  {""id"": ""53998"", ""is_phishing"": true},
  {""id"": ""46577"", ""is_phishing"": false}
]"
54048,नया एसएमएस पैक! 26 रुपये से रिचार्ज करें और 15 दिनों के लिए प्रतिदिन 500 स्थानीय/राष्ट्रीय एसएमएस भेजें! 47 रुपये से रिचार्ज करें और 30 दिनों के लिए प्रतिदिन 500 स्थानीय/राष्ट्रीय एसएमएस भेजें!,True,False,False,"[
  {""id"": ""46400"", ""is_phishing"": false},
  {""id"": ""44982"", ""is_phishing"": true},
  {""id"": ""54048"", ""is_phishing"": false},
  {""id"": ""48266"", ""is_phishing"": false},
  {""id"": ""41037"", ""is_phishing"": false},
  {""id"": ""45349"", ""is_phishing"": false},
  {""id"": ""48296"", ""is_phishing"": true},
  {""id"": ""45423"", ""is_phishing"": false},
  {""id"": ""53998"", ""is_phishing"": true},
  {""id"": ""46577"", ""is_phishing"": false}
]"
48266,10p 11 bored bt chat date min national rate,True,False,False,"[
  {""id"": ""46400"", ""is_phishing"": false},
  {""id"": ""44982"", ""is_phishing"": true},
  {""id"": ""54048"", ""is_phishing"": false},
  {""id"": ""48266"", ""is_phishing"": false},
  {""id"": ""41037"", ""is_phishing"": false},
  {""id"": ""45349"", ""is_phishing"": false},
  {""id"": ""48296"", ""is_phishing"": true},
  {""id"": ""45423"", ""is_phishing"": false},
  {""id"": ""53998"", ""is_phishing"": true},
  {""id"": ""46577"", ""is_phishing"": false}
]"
41037,150p contacted dating entered fancy landline phone service,True,False,False,"[
  {""id"": ""46400"", ""is_phishing"": false},
  {""id"": ""44982"", ""is_phishing"": true},
  {""id"": ""54048"", ""is_phishing"": false},
  {""id"": ""48266"", ""is_phishing"": false},
  {""id"": ""41037"", ""is_phishing"": false},
  {""id"": ""45349"", ""is_phishing"": false},
  {""id"": ""48296"", ""is_phishing"": true},
  {""id"": ""45423"", ""is_phishing"": false},
  {""id"": ""53998"", ""is_phishing"": true},
  {""id"": ""46577"", ""is_phishing"": false}
]"
45349,2nite calls chat cum did heard hope just like luv make net night time wanna xx,True,False,False,"[
  {""id"": ""46400"", ""is_phishing"": false},
  {""id"": ""44982"", ""is_phishing"": true},
  {""id"": ""54048"", ""is_phishing"": false},
  {""id"": ""48266"", ""is_phishing"": false},
  {""id"": ""41037"", ""is_phishing"": false},
  {""id"": ""45349"", ""is_phishing"": false},
  {""id"": ""48296"", ""is_phishing"": true},
  {""id"": ""45423"", ""is_phishing"": false},
  {""id"": ""53998"", ""is_phishing"": true},
  {""id"": ""46577"", ""is_phishing"": false}
]"
48296,08000930705 100 200 300 3510i camcorder colour delivered free minutes mobile new nokia phone reply text texts tomorrow want,True,True,True,"[
  {""id"": ""46400"", ""is_phishing"": false},
  {""id"": ""44982"", ""is_phishing"": true},
  {""id"": ""54048"", ""is_phishing"": false},
  {""id"": ""48266"", ""is_phishing"": false},
  {""id"": ""41037"", ""is_phishing"": false},
  {""id"": ""45349"", ""is_phishing"": false},
  {""id"": ""48296"", ""is_phishing"": true},
  {""id"": ""45423"", ""is_phishing"": false},
  {""id"": ""53998"", ""is_phishing"": true},
  {""id"": ""46577"", ""is_phishing"": false}
]"
45423,10p 11 bored bt chat date min national rate,True,False,False,"[
  {""id"": ""46400"", ""is_phishing"": false},
  {""id"": ""44982"", ""is_phishing"": true},
  {""id"": ""54048"", ""is_phishing"": false},
  {""id"": ""48266"", ""is_phishing"": false},
  {""id"": ""41037"", ""is_phishing"": false},
  {""id"": ""45349"", ""is_phishing"": false},
  {""id"": ""48296"", ""is_phishing"": true},
  {""id"": ""45423"", ""is_phishing"": false},
  {""id"": ""53998"", ""is_phishing"": true},
  {""id"": ""46577"", ""is_phishing"": false}
]"
53998,अभी 1 लाख रुपये का इनाम जीतें। अधिक जानकारी के लिए यहाँ क्लिक करें।,True,True,True,"[
  {""id"": ""46400"", ""is_phishing"": false},
  {""id"": ""44982"", ""is_phishing"": true},
  {""id"": ""54048"", ""is_phishing"": false},
  {""id"": ""48266"", ""is_phishing"": false},
  {""id"": ""41037"", ""is_phishing"": false},
  {""id"": ""45349"", ""is_phishing"": false},
  {""id"": ""48296"", ""is_phishing"": true},
  {""id"": ""45423"", ""is_phishing"": false},
  {""id"": ""53998"", ""is_phishing"": true},
  {""id"": ""46577"", ""is_phishing"": false}
]"
46577,85 access direct fixed line minute number,True,False,False,"[
  {""id"": ""46400"", ""is_phishing"": false},
  {""id"": ""44982"", ""is_phishing"": true},
  {""id"": ""54048"", ""is_phishing"": false},
  {""id"": ""48266"", ""is_phishing"": false},
  {""id"": ""41037"", ""is_phishing"": false},
  {""id"": ""45349"", ""is_phishing"": false},
  {""id"": ""48296"", ""is_phishing"": true},
  {""id"": ""45423"", ""is_phishing"": false},
  {""id"": ""53998"", ""is_phishing"": true},
  {""id"": ""46577"", ""is_phishing"": false}
]"
