ad_group_id,rsa_id,headlines,description
sms_app_category_scale,messages_app_control,Messages App Android | Inbox Finds Bank Codes | SMS App For OTPs,"The app organizes login messages, service alerts, and review-needed texts in one inbox."
sms_app_category_scale,messages_app_control,Messages App Android | Inbox Finds Bank Codes | SMS App For OTPs,The app highlights odd links while keeping renewal terms visible.
sms_app_category_scale,messages_app_control,Messages App Android | Inbox Finds Bank Codes | Bank Code Access,"The app organizes login messages, service alerts, and review-needed texts in one inbox."
sms_app_category_scale,messages_app_control,Messages App Android | Inbox Finds Bank Codes | Bank Code Access,The app highlights odd links while keeping renewal terms visible.
sms_app_category_scale,messages_app_control,Messages App Android | Inbox Finds Bank Codes | Shows Review Labels,"The app organizes login messages, service alerts, and review-needed texts in one inbox."
sms_app_category_scale,messages_app_control,Messages App Android | Inbox Finds Bank Codes | Shows Review Labels,The app highlights odd links while keeping renewal terms visible.
sms_app_category_scale,messages_app_control,Messages App Android | Inbox Finds Bank Codes | Service Alerts Grouped,"The app organizes login messages, service alerts, and review-needed texts in one inbox."
sms_app_category_scale,messages_app_control,Messages App Android | Inbox Finds Bank Codes | Service Alerts Grouped,The app highlights odd links while keeping renewal terms visible.
sms_app_category_scale,messages_app_control,Messages App Android | Inbox Finds Bank Codes | Simple Text Helper,"The app organizes login messages, service alerts, and review-needed texts in one inbox."
sms_app_category_scale,messages_app_control,Messages App Android | Inbox Finds Bank Codes | Simple Text Helper,The app highlights odd links while keeping renewal terms visible.
sms_app_category_scale,messages_app_control,Messages App Android | Inbox Finds Bank Codes | Calmer Code View,"The app organizes login messages, service alerts, and review-needed texts in one inbox."
sms_app_category_scale,messages_app_control,Messages App Android | Inbox Finds Bank Codes | Calmer Code View,The app highlights odd links while keeping renewal terms visible.
sms_app_category_scale,messages_app_control,Messages App Android | SMS App For OTPs | Bank Code Access,"The app organizes login messages, service alerts, and review-needed texts in one inbox."
sms_app_category_scale,messages_app_control,Messages App Android | SMS App For OTPs | Bank Code Access,The app highlights odd links while keeping renewal terms visible.
sms_app_category_scale,messages_app_control,Messages App Android | SMS App For OTPs | Shows Review Labels,"The app organizes login messages, service alerts, and review-needed texts in one inbox."
sms_app_category_scale,messages_app_control,Messages App Android | SMS App For OTPs | Shows Review Labels,The app highlights odd links while keeping renewal terms visible.
sms_app_category_scale,messages_app_control,Messages App Android | SMS App For OTPs | Service Alerts Grouped,"The app organizes login messages, service alerts, and review-needed texts in one inbox."
sms_app_category_scale,messages_app_control,Messages App Android | SMS App For OTPs | Service Alerts Grouped,The app highlights odd links while keeping renewal terms visible.
sms_app_category_scale,messages_app_control,Messages App Android | SMS App For OTPs | Simple Text Helper,"The app organizes login messages, service alerts, and review-needed texts in one inbox."
sms_app_category_scale,messages_app_control,Messages App Android | SMS App For OTPs | Simple Text Helper,The app highlights odd links while keeping renewal terms visible.
sms_app_category_scale,messages_app_control,Messages App Android | SMS App For OTPs | Calmer Code View,"The app organizes login messages, service alerts, and review-needed texts in one inbox."
sms_app_category_scale,messages_app_control,Messages App Android | SMS App For OTPs | Calmer Code View,The app highlights odd links while keeping renewal terms visible.
sms_app_category_scale,messages_app_control,Messages App Android | Bank Code Access | Shows Review Labels,"The app organizes login messages, service alerts, and review-needed texts in one inbox."
sms_app_category_scale,messages_app_control,Messages App Android | Bank Code Access | Shows Review Labels,The app highlights odd links while keeping renewal terms visible.
sms_app_category_scale,messages_app_control,Messages App Android | Bank Code Access | Service Alerts Grouped,"The app organizes login messages, service alerts, and review-needed texts in one inbox."
sms_app_category_scale,messages_app_control,Messages App Android | Bank Code Access | Service Alerts Grouped,The app highlights odd links while keeping renewal terms visible.
sms_app_category_scale,messages_app_control,Messages App Android | Bank Code Access | Simple Text Helper,"The app organizes login messages, service alerts, and review-needed texts in one inbox."
sms_app_category_scale,messages_app_control,Messages App Android | Bank Code Access | Simple Text Helper,The app highlights odd links while keeping renewal terms visible.
sms_app_category_scale,messages_app_control,Messages App Android | Bank Code Access | Calmer Code View,"The app organizes login messages, service alerts, and review-needed texts in one inbox."
sms_app_category_scale,messages_app_control,Messages App Android | Bank Code Access | Calmer Code View,The app highlights odd links while keeping renewal terms visible.
sms_app_category_scale,messages_app_challenger,SMS Message App | Text Message App | SMS App Sorts Codes,The app organizes daily messages without forcing a crowded default view.
sms_app_category_scale,messages_app_challenger,SMS Message App | Text Message App | SMS App Sorts Codes,The app highlights review cues for odd links and account-code texts.
sms_app_category_scale,messages_app_challenger,SMS Message App | Text Message App | Highlights Odd Links,The app organizes daily messages without forcing a crowded default view.
sms_app_category_scale,messages_app_challenger,SMS Message App | Text Message App | Highlights Odd Links,The app highlights review cues for odd links and account-code texts.
sms_app_category_scale,messages_app_challenger,SMS Message App | Text Message App | OTP And Alerts Together,The app organizes daily messages without forcing a crowded default view.
sms_app_category_scale,messages_app_challenger,SMS Message App | Text Message App | OTP And Alerts Together,The app highlights review cues for odd links and account-code texts.
sms_app_category_scale,messages_app_challenger,SMS Message App | Text Message App | Bank Alerts In View,The app organizes daily messages without forcing a crowded default view.
sms_app_category_scale,messages_app_challenger,SMS Message App | Text Message App | Bank Alerts In View,The app highlights review cues for odd links and account-code texts.
sms_app_category_scale,messages_app_challenger,SMS Message App | Text Message App | Service SMS Sorted,The app organizes daily messages without forcing a crowded default view.
sms_app_category_scale,messages_app_challenger,SMS Message App | Text Message App | Service SMS Sorted,The app highlights review cues for odd links and account-code texts.
sms_app_category_scale,messages_app_challenger,SMS Message App | Text Message App | Review Links First,The app organizes daily messages without forcing a crowded default view.
sms_app_category_scale,messages_app_challenger,SMS Message App | Text Message App | Review Links First,The app highlights review cues for odd links and account-code texts.
sms_app_category_scale,messages_app_challenger,SMS Message App | SMS App Sorts Codes | Highlights Odd Links,The app organizes daily messages without forcing a crowded default view.
sms_app_category_scale,messages_app_challenger,SMS Message App | SMS App Sorts Codes | Highlights Odd Links,The app highlights review cues for odd links and account-code texts.
sms_app_category_scale,messages_app_challenger,SMS Message App | SMS App Sorts Codes | OTP And Alerts Together,The app organizes daily messages without forcing a crowded default view.
sms_app_category_scale,messages_app_challenger,SMS Message App | SMS App Sorts Codes | OTP And Alerts Together,The app highlights review cues for odd links and account-code texts.
sms_app_category_scale,messages_app_challenger,SMS Message App | SMS App Sorts Codes | Bank Alerts In View,The app organizes daily messages without forcing a crowded default view.
sms_app_category_scale,messages_app_challenger,SMS Message App | SMS App Sorts Codes | Bank Alerts In View,The app highlights review cues for odd links and account-code texts.
sms_app_category_scale,messages_app_challenger,SMS Message App | SMS App Sorts Codes | Service SMS Sorted,The app organizes daily messages without forcing a crowded default view.
sms_app_category_scale,messages_app_challenger,SMS Message App | SMS App Sorts Codes | Service SMS Sorted,The app highlights review cues for odd links and account-code texts.
sms_app_category_scale,messages_app_challenger,SMS Message App | SMS App Sorts Codes | Review Links First,The app organizes daily messages without forcing a crowded default view.
sms_app_category_scale,messages_app_challenger,SMS Message App | SMS App Sorts Codes | Review Links First,The app highlights review cues for odd links and account-code texts.
sms_app_category_scale,messages_app_challenger,SMS Message App | Highlights Odd Links | OTP And Alerts Together,The app organizes daily messages without forcing a crowded default view.
sms_app_category_scale,messages_app_challenger,SMS Message App | Highlights Odd Links | OTP And Alerts Together,The app highlights review cues for odd links and account-code texts.
sms_app_category_scale,messages_app_challenger,SMS Message App | Highlights Odd Links | Bank Alerts In View,The app organizes daily messages without forcing a crowded default view.
sms_app_category_scale,messages_app_challenger,SMS Message App | Highlights Odd Links | Bank Alerts In View,The app highlights review cues for odd links and account-code texts.
sms_app_category_scale,messages_app_challenger,SMS Message App | Highlights Odd Links | Service SMS Sorted,The app organizes daily messages without forcing a crowded default view.
sms_app_category_scale,messages_app_challenger,SMS Message App | Highlights Odd Links | Service SMS Sorted,The app highlights review cues for odd links and account-code texts.
sms_app_category_scale,messages_app_challenger,SMS Message App | Highlights Odd Links | Review Links First,The app organizes daily messages without forcing a crowded default view.
sms_app_category_scale,messages_app_challenger,SMS Message App | Highlights Odd Links | Review Links First,The app highlights review cues for odd links and account-code texts.
spam_sms_problem_scale,spam_sms_control,Spam Messages Keep Coming | SMS Filter For Texts | Spam SMS App Review,The app flags spam-looking texts and adds context before you reply.
spam_sms_problem_scale,spam_sms_control,Spam Messages Keep Coming | SMS Filter For Texts | Spam SMS App Review,The app shows why a message may need review without blocking claims.
spam_sms_problem_scale,spam_sms_control,Spam Messages Keep Coming | SMS Filter For Texts | Flags Spam-Looking SMS,The app flags spam-looking texts and adds context before you reply.
spam_sms_problem_scale,spam_sms_control,Spam Messages Keep Coming | SMS Filter For Texts | Flags Spam-Looking SMS,The app shows why a message may need review without blocking claims.
spam_sms_problem_scale,spam_sms_control,Spam Messages Keep Coming | SMS Filter For Texts | App Flags Odd Links,The app flags spam-looking texts and adds context before you reply.
spam_sms_problem_scale,spam_sms_control,Spam Messages Keep Coming | SMS Filter For Texts | App Flags Odd Links,The app shows why a message may need review without blocking claims.
spam_sms_problem_scale,spam_sms_control,Spam Messages Keep Coming | SMS Filter For Texts | Review Texts Before Reply,The app flags spam-looking texts and adds context before you reply.
spam_sms_problem_scale,spam_sms_control,Spam Messages Keep Coming | SMS Filter For Texts | Review Texts Before Reply,The app shows why a message may need review without blocking claims.
spam_sms_problem_scale,spam_sms_control,Spam Messages Keep Coming | SMS Filter For Texts | Bank Requests In View,The app flags spam-looking texts and adds context before you reply.
spam_sms_problem_scale,spam_sms_control,Spam Messages Keep Coming | SMS Filter For Texts | Bank Requests In View,The app shows why a message may need review without blocking claims.
spam_sms_problem_scale,spam_sms_control,Spam Messages Keep Coming | SMS Filter For Texts | Service Alerts In View,The app flags spam-looking texts and adds context before you reply.
spam_sms_problem_scale,spam_sms_control,Spam Messages Keep Coming | SMS Filter For Texts | Service Alerts In View,The app shows why a message may need review without blocking claims.
spam_sms_problem_scale,spam_sms_control,Spam Messages Keep Coming | Spam SMS App Review | Flags Spam-Looking SMS,The app flags spam-looking texts and adds context before you reply.
spam_sms_problem_scale,spam_sms_control,Spam Messages Keep Coming | Spam SMS App Review | Flags Spam-Looking SMS,The app shows why a message may need review without blocking claims.
spam_sms_problem_scale,spam_sms_control,Spam Messages Keep Coming | Spam SMS App Review | App Flags Odd Links,The app flags spam-looking texts and adds context before you reply.
spam_sms_problem_scale,spam_sms_control,Spam Messages Keep Coming | Spam SMS App Review | App Flags Odd Links,The app shows why a message may need review without blocking claims.
spam_sms_problem_scale,spam_sms_control,Spam Messages Keep Coming | Spam SMS App Review | Review Texts Before Reply,The app flags spam-looking texts and adds context before you reply.
spam_sms_problem_scale,spam_sms_control,Spam Messages Keep Coming | Spam SMS App Review | Review Texts Before Reply,The app shows why a message may need review without blocking claims.
spam_sms_problem_scale,spam_sms_control,Spam Messages Keep Coming | Spam SMS App Review | Bank Requests In View,The app flags spam-looking texts and adds context before you reply.
spam_sms_problem_scale,spam_sms_control,Spam Messages Keep Coming | Spam SMS App Review | Bank Requests In View,The app shows why a message may need review without blocking claims.
spam_sms_problem_scale,spam_sms_control,Spam Messages Keep Coming | Spam SMS App Review | Service Alerts In View,The app flags spam-looking texts and adds context before you reply.
spam_sms_problem_scale,spam_sms_control,Spam Messages Keep Coming | Spam SMS App Review | Service Alerts In View,The app shows why a message may need review without blocking claims.
spam_sms_problem_scale,spam_sms_control,Spam Messages Keep Coming | Flags Spam-Looking SMS | App Flags Odd Links,The app flags spam-looking texts and adds context before you reply.
spam_sms_problem_scale,spam_sms_control,Spam Messages Keep Coming | Flags Spam-Looking SMS | App Flags Odd Links,The app shows why a message may need review without blocking claims.
spam_sms_problem_scale,spam_sms_control,Spam Messages Keep Coming | Flags Spam-Looking SMS | Review Texts Before Reply,The app flags spam-looking texts and adds context before you reply.
spam_sms_problem_scale,spam_sms_control,Spam Messages Keep Coming | Flags Spam-Looking SMS | Review Texts Before Reply,The app shows why a message may need review without blocking claims.
spam_sms_problem_scale,spam_sms_control,Spam Messages Keep Coming | Flags Spam-Looking SMS | Bank Requests In View,The app flags spam-looking texts and adds context before you reply.
spam_sms_problem_scale,spam_sms_control,Spam Messages Keep Coming | Flags Spam-Looking SMS | Bank Requests In View,The app shows why a message may need review without blocking claims.
spam_sms_problem_scale,spam_sms_control,Spam Messages Keep Coming | Flags Spam-Looking SMS | Service Alerts In View,The app flags spam-looking texts and adds context before you reply.
spam_sms_problem_scale,spam_sms_control,Spam Messages Keep Coming | Flags Spam-Looking SMS | Service Alerts In View,The app shows why a message may need review without blocking claims.
spam_sms_problem_scale,spam_sms_challenger,Spam SMS Messages | SMS Filter Inbox | App Spots Reply Traps,The app highlights odd reply requests and bank-detail language.
spam_sms_problem_scale,spam_sms_challenger,Spam SMS Messages | SMS Filter Inbox | App Spots Reply Traps,The app shows review cues while daily codes remain accessible.
spam_sms_problem_scale,spam_sms_challenger,Spam SMS Messages | SMS Filter Inbox | Review Odd Messages,The app highlights odd reply requests and bank-detail language.
spam_sms_problem_scale,spam_sms_challenger,Spam SMS Messages | SMS Filter Inbox | Review Odd Messages,The app shows review cues while daily codes remain accessible.
spam_sms_problem_scale,spam_sms_challenger,Spam SMS Messages | SMS Filter Inbox | Calmer Code Inbox,The app highlights odd reply requests and bank-detail language.
spam_sms_problem_scale,spam_sms_challenger,Spam SMS Messages | SMS Filter Inbox | Calmer Code Inbox,The app shows review cues while daily codes remain accessible.
spam_sms_problem_scale,spam_sms_challenger,Spam SMS Messages | SMS Filter Inbox | Highlights Bank Requests,The app highlights odd reply requests and bank-detail language.
spam_sms_problem_scale,spam_sms_challenger,Spam SMS Messages | SMS Filter Inbox | Highlights Bank Requests,The app shows review cues while daily codes remain accessible.
spam_sms_problem_scale,spam_sms_challenger,Spam SMS Messages | SMS Filter Inbox | Android Message Helper,The app highlights odd reply requests and bank-detail language.
spam_sms_problem_scale,spam_sms_challenger,Spam SMS Messages | SMS Filter Inbox | Android Message Helper,The app shows review cues while daily codes remain accessible.
spam_sms_problem_scale,spam_sms_challenger,Spam SMS Messages | SMS Filter Inbox | Delivery Texts Sorted,The app highlights odd reply requests and bank-detail language.
spam_sms_problem_scale,spam_sms_challenger,Spam SMS Messages | SMS Filter Inbox | Delivery Texts Sorted,The app shows review cues while daily codes remain accessible.
spam_sms_problem_scale,spam_sms_challenger,Spam SMS Messages | App Spots Reply Traps | Review Odd Messages,The app highlights odd reply requests and bank-detail language.
spam_sms_problem_scale,spam_sms_challenger,Spam SMS Messages | App Spots Reply Traps | Review Odd Messages,The app shows review cues while daily codes remain accessible.
spam_sms_problem_scale,spam_sms_challenger,Spam SMS Messages | App Spots Reply Traps | Calmer Code Inbox,The app highlights odd reply requests and bank-detail language.
spam_sms_problem_scale,spam_sms_challenger,Spam SMS Messages | App Spots Reply Traps | Calmer Code Inbox,The app shows review cues while daily codes remain accessible.
spam_sms_problem_scale,spam_sms_challenger,Spam SMS Messages | App Spots Reply Traps | Highlights Bank Requests,The app highlights odd reply requests and bank-detail language.
spam_sms_problem_scale,spam_sms_challenger,Spam SMS Messages | App Spots Reply Traps | Highlights Bank Requests,The app shows review cues while daily codes remain accessible.
spam_sms_problem_scale,spam_sms_challenger,Spam SMS Messages | App Spots Reply Traps | Android Message Helper,The app highlights odd reply requests and bank-detail language.
spam_sms_problem_scale,spam_sms_challenger,Spam SMS Messages | App Spots Reply Traps | Android Message Helper,The app shows review cues while daily codes remain accessible.
spam_sms_problem_scale,spam_sms_challenger,Spam SMS Messages | App Spots Reply Traps | Delivery Texts Sorted,The app highlights odd reply requests and bank-detail language.
spam_sms_problem_scale,spam_sms_challenger,Spam SMS Messages | App Spots Reply Traps | Delivery Texts Sorted,The app shows review cues while daily codes remain accessible.
spam_sms_problem_scale,spam_sms_challenger,Spam SMS Messages | Review Odd Messages | Calmer Code Inbox,The app highlights odd reply requests and bank-detail language.
spam_sms_problem_scale,spam_sms_challenger,Spam SMS Messages | Review Odd Messages | Calmer Code Inbox,The app shows review cues while daily codes remain accessible.
spam_sms_problem_scale,spam_sms_challenger,Spam SMS Messages | Review Odd Messages | Highlights Bank Requests,The app highlights odd reply requests and bank-detail language.
spam_sms_problem_scale,spam_sms_challenger,Spam SMS Messages | Review Odd Messages | Highlights Bank Requests,The app shows review cues while daily codes remain accessible.
spam_sms_problem_scale,spam_sms_challenger,Spam SMS Messages | Review Odd Messages | Android Message Helper,The app highlights odd reply requests and bank-detail language.
spam_sms_problem_scale,spam_sms_challenger,Spam SMS Messages | Review Odd Messages | Android Message Helper,The app shows review cues while daily codes remain accessible.
spam_sms_problem_scale,spam_sms_challenger,Spam SMS Messages | Review Odd Messages | Delivery Texts Sorted,The app highlights odd reply requests and bank-detail language.
spam_sms_problem_scale,spam_sms_challenger,Spam SMS Messages | Review Odd Messages | Delivery Texts Sorted,The app shows review cues while daily codes remain accessible.
scam_text_problem_scale,scam_text_control,Scam Text Messages | Phishing SMS Review | Suspicious SMS Review,The app highlights prize-style messages that ask for bank details.
scam_text_problem_scale,scam_text_control,Scam Text Messages | Phishing SMS Review | Suspicious SMS Review,The app shows link-review cues before you tap or reply.
scam_text_problem_scale,scam_text_control,Scam Text Messages | Phishing SMS Review | App Flags Prize Links,The app highlights prize-style messages that ask for bank details.
scam_text_problem_scale,scam_text_control,Scam Text Messages | Phishing SMS Review | App Flags Prize Links,The app shows link-review cues before you tap or reply.
scam_text_problem_scale,scam_text_control,Scam Text Messages | Phishing SMS Review | Bank Details Request,The app highlights prize-style messages that ask for bank details.
scam_text_problem_scale,scam_text_control,Scam Text Messages | Phishing SMS Review | Bank Details Request,The app shows link-review cues before you tap or reply.
scam_text_problem_scale,scam_text_control,Scam Text Messages | Phishing SMS Review | Smishing Text Helper,The app highlights prize-style messages that ask for bank details.
scam_text_problem_scale,scam_text_control,Scam Text Messages | Phishing SMS Review | Smishing Text Helper,The app shows link-review cues before you tap or reply.
scam_text_problem_scale,scam_text_control,Scam Text Messages | Phishing SMS Review | Before Sharing Details,The app highlights prize-style messages that ask for bank details.
scam_text_problem_scale,scam_text_control,Scam Text Messages | Phishing SMS Review | Before Sharing Details,The app shows link-review cues before you tap or reply.
scam_text_problem_scale,scam_text_control,Scam Text Messages | Phishing SMS Review | Android Text Warnings,The app highlights prize-style messages that ask for bank details.
scam_text_problem_scale,scam_text_control,Scam Text Messages | Phishing SMS Review | Android Text Warnings,The app shows link-review cues before you tap or reply.
scam_text_problem_scale,scam_text_control,Scam Text Messages | Suspicious SMS Review | App Flags Prize Links,The app highlights prize-style messages that ask for bank details.
scam_text_problem_scale,scam_text_control,Scam Text Messages | Suspicious SMS Review | App Flags Prize Links,The app shows link-review cues before you tap or reply.
scam_text_problem_scale,scam_text_control,Scam Text Messages | Suspicious SMS Review | Bank Details Request,The app highlights prize-style messages that ask for bank details.
scam_text_problem_scale,scam_text_control,Scam Text Messages | Suspicious SMS Review | Bank Details Request,The app shows link-review cues before you tap or reply.
scam_text_problem_scale,scam_text_control,Scam Text Messages | Suspicious SMS Review | Smishing Text Helper,The app highlights prize-style messages that ask for bank details.
scam_text_problem_scale,scam_text_control,Scam Text Messages | Suspicious SMS Review | Smishing Text Helper,The app shows link-review cues before you tap or reply.
scam_text_problem_scale,scam_text_control,Scam Text Messages | Suspicious SMS Review | Before Sharing Details,The app highlights prize-style messages that ask for bank details.
scam_text_problem_scale,scam_text_control,Scam Text Messages | Suspicious SMS Review | Before Sharing Details,The app shows link-review cues before you tap or reply.
scam_text_problem_scale,scam_text_control,Scam Text Messages | Suspicious SMS Review | Android Text Warnings,The app highlights prize-style messages that ask for bank details.
scam_text_problem_scale,scam_text_control,Scam Text Messages | Suspicious SMS Review | Android Text Warnings,The app shows link-review cues before you tap or reply.
scam_text_problem_scale,scam_text_control,Scam Text Messages | App Flags Prize Links | Bank Details Request,The app highlights prize-style messages that ask for bank details.
scam_text_problem_scale,scam_text_control,Scam Text Messages | App Flags Prize Links | Bank Details Request,The app shows link-review cues before you tap or reply.
scam_text_problem_scale,scam_text_control,Scam Text Messages | App Flags Prize Links | Smishing Text Helper,The app highlights prize-style messages that ask for bank details.
scam_text_problem_scale,scam_text_control,Scam Text Messages | App Flags Prize Links | Smishing Text Helper,The app shows link-review cues before you tap or reply.
scam_text_problem_scale,scam_text_control,Scam Text Messages | App Flags Prize Links | Before Sharing Details,The app highlights prize-style messages that ask for bank details.
scam_text_problem_scale,scam_text_control,Scam Text Messages | App Flags Prize Links | Before Sharing Details,The app shows link-review cues before you tap or reply.
scam_text_problem_scale,scam_text_control,Scam Text Messages | App Flags Prize Links | Android Text Warnings,The app highlights prize-style messages that ask for bank details.
scam_text_problem_scale,scam_text_control,Scam Text Messages | App Flags Prize Links | Android Text Warnings,The app shows link-review cues before you tap or reply.
scam_text_problem_scale,scam_text_challenger,Text Scams In Inbox | Phishing SMS Helper | SMS Fraud Review,The app shows why a link or details request may need review.
scam_text_problem_scale,scam_text_challenger,Text Scams In Inbox | Phishing SMS Helper | SMS Fraud Review,The app highlights phishing-style SMS with bounded review wording.
scam_text_problem_scale,scam_text_challenger,Text Scams In Inbox | Phishing SMS Helper | Scam Text App Review,The app shows why a link or details request may need review.
scam_text_problem_scale,scam_text_challenger,Text Scams In Inbox | Phishing SMS Helper | Scam Text App Review,The app highlights phishing-style SMS with bounded review wording.
scam_text_problem_scale,scam_text_challenger,Text Scams In Inbox | Phishing SMS Helper | Shows Link Clues,The app shows why a link or details request may need review.
scam_text_problem_scale,scam_text_challenger,Text Scams In Inbox | Phishing SMS Helper | Shows Link Clues,The app highlights phishing-style SMS with bounded review wording.
scam_text_problem_scale,scam_text_challenger,Text Scams In Inbox | Phishing SMS Helper | Prize SMS Bank Details,The app shows why a link or details request may need review.
scam_text_problem_scale,scam_text_challenger,Text Scams In Inbox | Phishing SMS Helper | Prize SMS Bank Details,The app highlights phishing-style SMS with bounded review wording.
scam_text_problem_scale,scam_text_challenger,Text Scams In Inbox | Phishing SMS Helper | Short Link Highlighted,The app shows why a link or details request may need review.
scam_text_problem_scale,scam_text_challenger,Text Scams In Inbox | Phishing SMS Helper | Short Link Highlighted,The app highlights phishing-style SMS with bounded review wording.
scam_text_problem_scale,scam_text_challenger,Text Scams In Inbox | Phishing SMS Helper | Check Details First,The app shows why a link or details request may need review.
scam_text_problem_scale,scam_text_challenger,Text Scams In Inbox | Phishing SMS Helper | Check Details First,The app highlights phishing-style SMS with bounded review wording.
scam_text_problem_scale,scam_text_challenger,Text Scams In Inbox | SMS Fraud Review | Scam Text App Review,The app shows why a link or details request may need review.
scam_text_problem_scale,scam_text_challenger,Text Scams In Inbox | SMS Fraud Review | Scam Text App Review,The app highlights phishing-style SMS with bounded review wording.
scam_text_problem_scale,scam_text_challenger,Text Scams In Inbox | SMS Fraud Review | Shows Link Clues,The app shows why a link or details request may need review.
scam_text_problem_scale,scam_text_challenger,Text Scams In Inbox | SMS Fraud Review | Shows Link Clues,The app highlights phishing-style SMS with bounded review wording.
scam_text_problem_scale,scam_text_challenger,Text Scams In Inbox | SMS Fraud Review | Prize SMS Bank Details,The app shows why a link or details request may need review.
scam_text_problem_scale,scam_text_challenger,Text Scams In Inbox | SMS Fraud Review | Prize SMS Bank Details,The app highlights phishing-style SMS with bounded review wording.
scam_text_problem_scale,scam_text_challenger,Text Scams In Inbox | SMS Fraud Review | Short Link Highlighted,The app shows why a link or details request may need review.
scam_text_problem_scale,scam_text_challenger,Text Scams In Inbox | SMS Fraud Review | Short Link Highlighted,The app highlights phishing-style SMS with bounded review wording.
scam_text_problem_scale,scam_text_challenger,Text Scams In Inbox | SMS Fraud Review | Check Details First,The app shows why a link or details request may need review.
scam_text_problem_scale,scam_text_challenger,Text Scams In Inbox | SMS Fraud Review | Check Details First,The app highlights phishing-style SMS with bounded review wording.
scam_text_problem_scale,scam_text_challenger,Text Scams In Inbox | Scam Text App Review | Shows Link Clues,The app shows why a link or details request may need review.
scam_text_problem_scale,scam_text_challenger,Text Scams In Inbox | Scam Text App Review | Shows Link Clues,The app highlights phishing-style SMS with bounded review wording.
scam_text_problem_scale,scam_text_challenger,Text Scams In Inbox | Scam Text App Review | Prize SMS Bank Details,The app shows why a link or details request may need review.
scam_text_problem_scale,scam_text_challenger,Text Scams In Inbox | Scam Text App Review | Prize SMS Bank Details,The app highlights phishing-style SMS with bounded review wording.
scam_text_problem_scale,scam_text_challenger,Text Scams In Inbox | Scam Text App Review | Short Link Highlighted,The app shows why a link or details request may need review.
scam_text_problem_scale,scam_text_challenger,Text Scams In Inbox | Scam Text App Review | Short Link Highlighted,The app highlights phishing-style SMS with bounded review wording.
scam_text_problem_scale,scam_text_challenger,Text Scams In Inbox | Scam Text App Review | Check Details First,The app shows why a link or details request may need review.
scam_text_problem_scale,scam_text_challenger,Text Scams In Inbox | Scam Text App Review | Check Details First,The app highlights phishing-style SMS with bounded review wording.
otp_utility_risk_scale,otp_utility_control,OTP App For SMS Codes | OTP SMS Review | SMS App Code Review,The app shows code context before a bank OTP is shared under pressure.
otp_utility_risk_scale,otp_utility_control,OTP App For SMS Codes | OTP SMS Review | SMS App Code Review,The app finds recent login messages while keeping account-change cues visible.
otp_utility_risk_scale,otp_utility_control,OTP App For SMS Codes | OTP SMS Review | Shows Code Context,The app shows code context before a bank OTP is shared under pressure.
otp_utility_risk_scale,otp_utility_control,OTP App For SMS Codes | OTP SMS Review | Shows Code Context,The app finds recent login messages while keeping account-change cues visible.
otp_utility_risk_scale,otp_utility_control,OTP App For SMS Codes | OTP SMS Review | Bank Login Code Finder,The app shows code context before a bank OTP is shared under pressure.
otp_utility_risk_scale,otp_utility_control,OTP App For SMS Codes | OTP SMS Review | Bank Login Code Finder,The app finds recent login messages while keeping account-change cues visible.
otp_utility_risk_scale,otp_utility_control,OTP App For SMS Codes | OTP SMS Review | Delivery OTP Check,The app shows code context before a bank OTP is shared under pressure.
otp_utility_risk_scale,otp_utility_control,OTP App For SMS Codes | OTP SMS Review | Delivery OTP Check,The app finds recent login messages while keeping account-change cues visible.
otp_utility_risk_scale,otp_utility_control,OTP App For SMS Codes | OTP SMS Review | Account Change Warning,The app shows code context before a bank OTP is shared under pressure.
otp_utility_risk_scale,otp_utility_control,OTP App For SMS Codes | OTP SMS Review | Account Change Warning,The app finds recent login messages while keeping account-change cues visible.
otp_utility_risk_scale,otp_utility_control,OTP App For SMS Codes | OTP SMS Review | Find Recent Codes,The app shows code context before a bank OTP is shared under pressure.
otp_utility_risk_scale,otp_utility_control,OTP App For SMS Codes | OTP SMS Review | Find Recent Codes,The app finds recent login messages while keeping account-change cues visible.
otp_utility_risk_scale,otp_utility_control,OTP App For SMS Codes | SMS App Code Review | Shows Code Context,The app shows code context before a bank OTP is shared under pressure.
otp_utility_risk_scale,otp_utility_control,OTP App For SMS Codes | SMS App Code Review | Shows Code Context,The app finds recent login messages while keeping account-change cues visible.
otp_utility_risk_scale,otp_utility_control,OTP App For SMS Codes | SMS App Code Review | Bank Login Code Finder,The app shows code context before a bank OTP is shared under pressure.
otp_utility_risk_scale,otp_utility_control,OTP App For SMS Codes | SMS App Code Review | Bank Login Code Finder,The app finds recent login messages while keeping account-change cues visible.
otp_utility_risk_scale,otp_utility_control,OTP App For SMS Codes | SMS App Code Review | Delivery OTP Check,The app shows code context before a bank OTP is shared under pressure.
otp_utility_risk_scale,otp_utility_control,OTP App For SMS Codes | SMS App Code Review | Delivery OTP Check,The app finds recent login messages while keeping account-change cues visible.
otp_utility_risk_scale,otp_utility_control,OTP App For SMS Codes | SMS App Code Review | Account Change Warning,The app shows code context before a bank OTP is shared under pressure.
otp_utility_risk_scale,otp_utility_control,OTP App For SMS Codes | SMS App Code Review | Account Change Warning,The app finds recent login messages while keeping account-change cues visible.
otp_utility_risk_scale,otp_utility_control,OTP App For SMS Codes | SMS App Code Review | Find Recent Codes,The app shows code context before a bank OTP is shared under pressure.
otp_utility_risk_scale,otp_utility_control,OTP App For SMS Codes | SMS App Code Review | Find Recent Codes,The app finds recent login messages while keeping account-change cues visible.
otp_utility_risk_scale,otp_utility_control,OTP App For SMS Codes | Shows Code Context | Bank Login Code Finder,The app shows code context before a bank OTP is shared under pressure.
otp_utility_risk_scale,otp_utility_control,OTP App For SMS Codes | Shows Code Context | Bank Login Code Finder,The app finds recent login messages while keeping account-change cues visible.
otp_utility_risk_scale,otp_utility_control,OTP App For SMS Codes | Shows Code Context | Delivery OTP Check,The app shows code context before a bank OTP is shared under pressure.
otp_utility_risk_scale,otp_utility_control,OTP App For SMS Codes | Shows Code Context | Delivery OTP Check,The app finds recent login messages while keeping account-change cues visible.
otp_utility_risk_scale,otp_utility_control,OTP App For SMS Codes | Shows Code Context | Account Change Warning,The app shows code context before a bank OTP is shared under pressure.
otp_utility_risk_scale,otp_utility_control,OTP App For SMS Codes | Shows Code Context | Account Change Warning,The app finds recent login messages while keeping account-change cues visible.
otp_utility_risk_scale,otp_utility_control,OTP App For SMS Codes | Shows Code Context | Find Recent Codes,The app shows code context before a bank OTP is shared under pressure.
otp_utility_risk_scale,otp_utility_control,OTP App For SMS Codes | Shows Code Context | Find Recent Codes,The app finds recent login messages while keeping account-change cues visible.
otp_utility_risk_scale,otp_utility_challenger,OTP Fraud Context | Delivery OTP Context | OTP Warning App,The app highlights caller-code mismatch moments for review.
otp_utility_risk_scale,otp_utility_challenger,OTP Fraud Context | Delivery OTP Context | OTP Warning App,The app shows why a requested code needs review before you reply.
otp_utility_risk_scale,otp_utility_challenger,OTP Fraud Context | Delivery OTP Context | App Flags Code Pressure,The app highlights caller-code mismatch moments for review.
otp_utility_risk_scale,otp_utility_challenger,OTP Fraud Context | Delivery OTP Context | App Flags Code Pressure,The app shows why a requested code needs review before you reply.
otp_utility_risk_scale,otp_utility_challenger,OTP Fraud Context | Delivery OTP Context | Bank OTP In View,The app highlights caller-code mismatch moments for review.
otp_utility_risk_scale,otp_utility_challenger,OTP Fraud Context | Delivery OTP Context | Bank OTP In View,The app shows why a requested code needs review before you reply.
otp_utility_risk_scale,otp_utility_challenger,OTP Fraud Context | Delivery OTP Context | Account Access Context,The app highlights caller-code mismatch moments for review.
otp_utility_risk_scale,otp_utility_challenger,OTP Fraud Context | Delivery OTP Context | Account Access Context,The app shows why a requested code needs review before you reply.
otp_utility_risk_scale,otp_utility_challenger,OTP Fraud Context | Delivery OTP Context | Compares Caller Claim,The app highlights caller-code mismatch moments for review.
otp_utility_risk_scale,otp_utility_challenger,OTP Fraud Context | Delivery OTP Context | Compares Caller Claim,The app shows why a requested code needs review before you reply.
otp_utility_risk_scale,otp_utility_challenger,OTP Fraud Context | Delivery OTP Context | Recent Code Finder,The app highlights caller-code mismatch moments for review.
otp_utility_risk_scale,otp_utility_challenger,OTP Fraud Context | Delivery OTP Context | Recent Code Finder,The app shows why a requested code needs review before you reply.
otp_utility_risk_scale,otp_utility_challenger,OTP Fraud Context | OTP Warning App | App Flags Code Pressure,The app highlights caller-code mismatch moments for review.
otp_utility_risk_scale,otp_utility_challenger,OTP Fraud Context | OTP Warning App | App Flags Code Pressure,The app shows why a requested code needs review before you reply.
otp_utility_risk_scale,otp_utility_challenger,OTP Fraud Context | OTP Warning App | Bank OTP In View,The app highlights caller-code mismatch moments for review.
otp_utility_risk_scale,otp_utility_challenger,OTP Fraud Context | OTP Warning App | Bank OTP In View,The app shows why a requested code needs review before you reply.
otp_utility_risk_scale,otp_utility_challenger,OTP Fraud Context | OTP Warning App | Account Access Context,The app highlights caller-code mismatch moments for review.
otp_utility_risk_scale,otp_utility_challenger,OTP Fraud Context | OTP Warning App | Account Access Context,The app shows why a requested code needs review before you reply.
otp_utility_risk_scale,otp_utility_challenger,OTP Fraud Context | OTP Warning App | Compares Caller Claim,The app highlights caller-code mismatch moments for review.
otp_utility_risk_scale,otp_utility_challenger,OTP Fraud Context | OTP Warning App | Compares Caller Claim,The app shows why a requested code needs review before you reply.
otp_utility_risk_scale,otp_utility_challenger,OTP Fraud Context | OTP Warning App | Recent Code Finder,The app highlights caller-code mismatch moments for review.
otp_utility_risk_scale,otp_utility_challenger,OTP Fraud Context | OTP Warning App | Recent Code Finder,The app shows why a requested code needs review before you reply.
otp_utility_risk_scale,otp_utility_challenger,OTP Fraud Context | App Flags Code Pressure | Bank OTP In View,The app highlights caller-code mismatch moments for review.
otp_utility_risk_scale,otp_utility_challenger,OTP Fraud Context | App Flags Code Pressure | Bank OTP In View,The app shows why a requested code needs review before you reply.
otp_utility_risk_scale,otp_utility_challenger,OTP Fraud Context | App Flags Code Pressure | Account Access Context,The app highlights caller-code mismatch moments for review.
otp_utility_risk_scale,otp_utility_challenger,OTP Fraud Context | App Flags Code Pressure | Account Access Context,The app shows why a requested code needs review before you reply.
otp_utility_risk_scale,otp_utility_challenger,OTP Fraud Context | App Flags Code Pressure | Compares Caller Claim,The app highlights caller-code mismatch moments for review.
otp_utility_risk_scale,otp_utility_challenger,OTP Fraud Context | App Flags Code Pressure | Compares Caller Claim,The app shows why a requested code needs review before you reply.
otp_utility_risk_scale,otp_utility_challenger,OTP Fraud Context | App Flags Code Pressure | Recent Code Finder,The app highlights caller-code mismatch moments for review.
otp_utility_risk_scale,otp_utility_challenger,OTP Fraud Context | App Flags Code Pressure | Recent Code Finder,The app shows why a requested code needs review before you reply.
sms_organizer_control,sms_organizer_control,SMS Organizer | Default SMS App Inbox | Daily Text Sorting,The app organizes OTPs and service messages for calmer daily scanning.
sms_organizer_control,sms_organizer_control,SMS Organizer | Default SMS App Inbox | Daily Text Sorting,The app shows bank-code cards while keeping suspicious links nearby.
sms_organizer_control,sms_organizer_control,SMS Organizer | Default SMS App Inbox | App Organizes Codes,The app organizes OTPs and service messages for calmer daily scanning.
sms_organizer_control,sms_organizer_control,SMS Organizer | Default SMS App Inbox | App Organizes Codes,The app shows bank-code cards while keeping suspicious links nearby.
sms_organizer_control,sms_organizer_control,SMS Organizer | Default SMS App Inbox | Bank Codes In View,The app organizes OTPs and service messages for calmer daily scanning.
sms_organizer_control,sms_organizer_control,SMS Organizer | Default SMS App Inbox | Bank Codes In View,The app shows bank-code cards while keeping suspicious links nearby.
sms_organizer_control,sms_organizer_control,SMS Organizer | Default SMS App Inbox | Service Updates Grouped,The app organizes OTPs and service messages for calmer daily scanning.
sms_organizer_control,sms_organizer_control,SMS Organizer | Default SMS App Inbox | Service Updates Grouped,The app shows bank-code cards while keeping suspicious links nearby.
sms_organizer_control,sms_organizer_control,SMS Organizer | Default SMS App Inbox | Codes In One View,The app organizes OTPs and service messages for calmer daily scanning.
sms_organizer_control,sms_organizer_control,SMS Organizer | Default SMS App Inbox | Codes In One View,The app shows bank-code cards while keeping suspicious links nearby.
sms_organizer_control,sms_organizer_control,SMS Organizer | Default SMS App Inbox | Cleaner Daily Inbox,The app organizes OTPs and service messages for calmer daily scanning.
sms_organizer_control,sms_organizer_control,SMS Organizer | Default SMS App Inbox | Cleaner Daily Inbox,The app shows bank-code cards while keeping suspicious links nearby.
sms_organizer_control,sms_organizer_control,SMS Organizer | Daily Text Sorting | App Organizes Codes,The app organizes OTPs and service messages for calmer daily scanning.
sms_organizer_control,sms_organizer_control,SMS Organizer | Daily Text Sorting | App Organizes Codes,The app shows bank-code cards while keeping suspicious links nearby.
sms_organizer_control,sms_organizer_control,SMS Organizer | Daily Text Sorting | Bank Codes In View,The app organizes OTPs and service messages for calmer daily scanning.
sms_organizer_control,sms_organizer_control,SMS Organizer | Daily Text Sorting | Bank Codes In View,The app shows bank-code cards while keeping suspicious links nearby.
sms_organizer_control,sms_organizer_control,SMS Organizer | Daily Text Sorting | Service Updates Grouped,The app organizes OTPs and service messages for calmer daily scanning.
sms_organizer_control,sms_organizer_control,SMS Organizer | Daily Text Sorting | Service Updates Grouped,The app shows bank-code cards while keeping suspicious links nearby.
sms_organizer_control,sms_organizer_control,SMS Organizer | Daily Text Sorting | Codes In One View,The app organizes OTPs and service messages for calmer daily scanning.
sms_organizer_control,sms_organizer_control,SMS Organizer | Daily Text Sorting | Codes In One View,The app shows bank-code cards while keeping suspicious links nearby.
sms_organizer_control,sms_organizer_control,SMS Organizer | Daily Text Sorting | Cleaner Daily Inbox,The app organizes OTPs and service messages for calmer daily scanning.
sms_organizer_control,sms_organizer_control,SMS Organizer | Daily Text Sorting | Cleaner Daily Inbox,The app shows bank-code cards while keeping suspicious links nearby.
sms_organizer_control,sms_organizer_control,SMS Organizer | App Organizes Codes | Bank Codes In View,The app organizes OTPs and service messages for calmer daily scanning.
sms_organizer_control,sms_organizer_control,SMS Organizer | App Organizes Codes | Bank Codes In View,The app shows bank-code cards while keeping suspicious links nearby.
sms_organizer_control,sms_organizer_control,SMS Organizer | App Organizes Codes | Service Updates Grouped,The app organizes OTPs and service messages for calmer daily scanning.
sms_organizer_control,sms_organizer_control,SMS Organizer | App Organizes Codes | Service Updates Grouped,The app shows bank-code cards while keeping suspicious links nearby.
sms_organizer_control,sms_organizer_control,SMS Organizer | App Organizes Codes | Codes In One View,The app organizes OTPs and service messages for calmer daily scanning.
sms_organizer_control,sms_organizer_control,SMS Organizer | App Organizes Codes | Codes In One View,The app shows bank-code cards while keeping suspicious links nearby.
sms_organizer_control,sms_organizer_control,SMS Organizer | App Organizes Codes | Cleaner Daily Inbox,The app organizes OTPs and service messages for calmer daily scanning.
sms_organizer_control,sms_organizer_control,SMS Organizer | App Organizes Codes | Cleaner Daily Inbox,The app shows bank-code cards while keeping suspicious links nearby.
sms_organizer_control,sms_organizer_challenger,SMS Organiser App | Default SMS App For Codes | Shows Login Codes,The app highlights bank-code messages and separates routine alerts.
sms_organizer_control,sms_organizer_challenger,SMS Organiser App | Default SMS App For Codes | Shows Login Codes,The app organizes service texts while keeping review cues visible.
sms_organizer_control,sms_organizer_challenger,SMS Organiser App | Default SMS App For Codes | Daily Alerts Grouped,The app highlights bank-code messages and separates routine alerts.
sms_organizer_control,sms_organizer_challenger,SMS Organiser App | Default SMS App For Codes | Daily Alerts Grouped,The app organizes service texts while keeping review cues visible.
sms_organizer_control,sms_organizer_challenger,SMS Organiser App | Default SMS App For Codes | OTP Messages Together,The app highlights bank-code messages and separates routine alerts.
sms_organizer_control,sms_organizer_challenger,SMS Organiser App | Default SMS App For Codes | OTP Messages Together,The app organizes service texts while keeping review cues visible.
sms_organizer_control,sms_organizer_challenger,SMS Organiser App | Default SMS App For Codes | Suspicious Links Marked,The app highlights bank-code messages and separates routine alerts.
sms_organizer_control,sms_organizer_challenger,SMS Organiser App | Default SMS App For Codes | Suspicious Links Marked,The app organizes service texts while keeping review cues visible.
sms_organizer_control,sms_organizer_challenger,SMS Organiser App | Default SMS App For Codes | Daily Texts In View,The app highlights bank-code messages and separates routine alerts.
sms_organizer_control,sms_organizer_challenger,SMS Organiser App | Default SMS App For Codes | Daily Texts In View,The app organizes service texts while keeping review cues visible.
sms_organizer_control,sms_organizer_challenger,SMS Organiser App | Default SMS App For Codes | Login SMS Faster,The app highlights bank-code messages and separates routine alerts.
sms_organizer_control,sms_organizer_challenger,SMS Organiser App | Default SMS App For Codes | Login SMS Faster,The app organizes service texts while keeping review cues visible.
sms_organizer_control,sms_organizer_challenger,SMS Organiser App | Shows Login Codes | Daily Alerts Grouped,The app highlights bank-code messages and separates routine alerts.
sms_organizer_control,sms_organizer_challenger,SMS Organiser App | Shows Login Codes | Daily Alerts Grouped,The app organizes service texts while keeping review cues visible.
sms_organizer_control,sms_organizer_challenger,SMS Organiser App | Shows Login Codes | OTP Messages Together,The app highlights bank-code messages and separates routine alerts.
sms_organizer_control,sms_organizer_challenger,SMS Organiser App | Shows Login Codes | OTP Messages Together,The app organizes service texts while keeping review cues visible.
sms_organizer_control,sms_organizer_challenger,SMS Organiser App | Shows Login Codes | Suspicious Links Marked,The app highlights bank-code messages and separates routine alerts.
sms_organizer_control,sms_organizer_challenger,SMS Organiser App | Shows Login Codes | Suspicious Links Marked,The app organizes service texts while keeping review cues visible.
sms_organizer_control,sms_organizer_challenger,SMS Organiser App | Shows Login Codes | Daily Texts In View,The app highlights bank-code messages and separates routine alerts.
sms_organizer_control,sms_organizer_challenger,SMS Organiser App | Shows Login Codes | Daily Texts In View,The app organizes service texts while keeping review cues visible.
sms_organizer_control,sms_organizer_challenger,SMS Organiser App | Shows Login Codes | Login SMS Faster,The app highlights bank-code messages and separates routine alerts.
sms_organizer_control,sms_organizer_challenger,SMS Organiser App | Shows Login Codes | Login SMS Faster,The app organizes service texts while keeping review cues visible.
sms_organizer_control,sms_organizer_challenger,SMS Organiser App | Daily Alerts Grouped | OTP Messages Together,The app highlights bank-code messages and separates routine alerts.
sms_organizer_control,sms_organizer_challenger,SMS Organiser App | Daily Alerts Grouped | OTP Messages Together,The app organizes service texts while keeping review cues visible.
sms_organizer_control,sms_organizer_challenger,SMS Organiser App | Daily Alerts Grouped | Suspicious Links Marked,The app highlights bank-code messages and separates routine alerts.
sms_organizer_control,sms_organizer_challenger,SMS Organiser App | Daily Alerts Grouped | Suspicious Links Marked,The app organizes service texts while keeping review cues visible.
sms_organizer_control,sms_organizer_challenger,SMS Organiser App | Daily Alerts Grouped | Daily Texts In View,The app highlights bank-code messages and separates routine alerts.
sms_organizer_control,sms_organizer_challenger,SMS Organiser App | Daily Alerts Grouped | Daily Texts In View,The app organizes service texts while keeping review cues visible.
sms_organizer_control,sms_organizer_challenger,SMS Organiser App | Daily Alerts Grouped | Login SMS Faster,The app highlights bank-code messages and separates routine alerts.
sms_organizer_control,sms_organizer_challenger,SMS Organiser App | Daily Alerts Grouped | Login SMS Faster,The app organizes service texts while keeping review cues visible.
sms_classifier_brand_exact,brand_control,SMS Classifier App | Official App Listing | Shows OTP Context,"The app organizes OTP, link, and alert review moments after install."
sms_classifier_brand_exact,brand_control,SMS Classifier App | Official App Listing | Shows OTP Context,The app shows trial pricing and renewal details from the store page.
sms_classifier_brand_exact,brand_control,SMS Classifier App | Official App Listing | Flags Brand SMS,"The app organizes OTP, link, and alert review moments after install."
sms_classifier_brand_exact,brand_control,SMS Classifier App | Official App Listing | Flags Brand SMS,The app shows trial pricing and renewal details from the store page.
sms_classifier_brand_exact,brand_control,SMS Classifier App | Official App Listing | Bank Code Review,"The app organizes OTP, link, and alert review moments after install."
sms_classifier_brand_exact,brand_control,SMS Classifier App | Official App Listing | Bank Code Review,The app shows trial pricing and renewal details from the store page.
sms_classifier_brand_exact,brand_control,SMS Classifier App | Official App Listing | Play Store Page,"The app organizes OTP, link, and alert review moments after install."
sms_classifier_brand_exact,brand_control,SMS Classifier App | Official App Listing | Play Store Page,The app shows trial pricing and renewal details from the store page.
sms_classifier_brand_exact,brand_control,SMS Classifier App | Official App Listing | 14 Day Pro Trial,"The app organizes OTP, link, and alert review moments after install."
sms_classifier_brand_exact,brand_control,SMS Classifier App | Official App Listing | 14 Day Pro Trial,The app shows trial pricing and renewal details from the store page.
sms_classifier_brand_exact,brand_control,SMS Classifier App | Official App Listing | INR 199 Yearly,"The app organizes OTP, link, and alert review moments after install."
sms_classifier_brand_exact,brand_control,SMS Classifier App | Official App Listing | INR 199 Yearly,The app shows trial pricing and renewal details from the store page.
sms_classifier_brand_exact,brand_control,SMS Classifier App | Shows OTP Context | Flags Brand SMS,"The app organizes OTP, link, and alert review moments after install."
sms_classifier_brand_exact,brand_control,SMS Classifier App | Shows OTP Context | Flags Brand SMS,The app shows trial pricing and renewal details from the store page.
sms_classifier_brand_exact,brand_control,SMS Classifier App | Shows OTP Context | Bank Code Review,"The app organizes OTP, link, and alert review moments after install."
sms_classifier_brand_exact,brand_control,SMS Classifier App | Shows OTP Context | Bank Code Review,The app shows trial pricing and renewal details from the store page.
sms_classifier_brand_exact,brand_control,SMS Classifier App | Shows OTP Context | Play Store Page,"The app organizes OTP, link, and alert review moments after install."
sms_classifier_brand_exact,brand_control,SMS Classifier App | Shows OTP Context | Play Store Page,The app shows trial pricing and renewal details from the store page.
sms_classifier_brand_exact,brand_control,SMS Classifier App | Shows OTP Context | 14 Day Pro Trial,"The app organizes OTP, link, and alert review moments after install."
sms_classifier_brand_exact,brand_control,SMS Classifier App | Shows OTP Context | 14 Day Pro Trial,The app shows trial pricing and renewal details from the store page.
sms_classifier_brand_exact,brand_control,SMS Classifier App | Shows OTP Context | INR 199 Yearly,"The app organizes OTP, link, and alert review moments after install."
sms_classifier_brand_exact,brand_control,SMS Classifier App | Shows OTP Context | INR 199 Yearly,The app shows trial pricing and renewal details from the store page.
sms_classifier_brand_exact,brand_control,SMS Classifier App | Flags Brand SMS | Bank Code Review,"The app organizes OTP, link, and alert review moments after install."
sms_classifier_brand_exact,brand_control,SMS Classifier App | Flags Brand SMS | Bank Code Review,The app shows trial pricing and renewal details from the store page.
sms_classifier_brand_exact,brand_control,SMS Classifier App | Flags Brand SMS | Play Store Page,"The app organizes OTP, link, and alert review moments after install."
sms_classifier_brand_exact,brand_control,SMS Classifier App | Flags Brand SMS | Play Store Page,The app shows trial pricing and renewal details from the store page.
sms_classifier_brand_exact,brand_control,SMS Classifier App | Flags Brand SMS | 14 Day Pro Trial,"The app organizes OTP, link, and alert review moments after install."
sms_classifier_brand_exact,brand_control,SMS Classifier App | Flags Brand SMS | 14 Day Pro Trial,The app shows trial pricing and renewal details from the store page.
sms_classifier_brand_exact,brand_control,SMS Classifier App | Flags Brand SMS | INR 199 Yearly,"The app organizes OTP, link, and alert review moments after install."
sms_classifier_brand_exact,brand_control,SMS Classifier App | Flags Brand SMS | INR 199 Yearly,The app shows trial pricing and renewal details from the store page.
sms_permissions_trust_holdout,permissions_control,SMS Permissions Android | Default SMS Permissions | Shows Data Choices,"The app shows permission context, Pro terms, and feature controls before setup."
sms_permissions_trust_holdout,permissions_control,SMS Permissions Android | Default SMS Permissions | Shows Data Choices,The app highlights review features with clear cloud-review context.
sms_permissions_trust_holdout,permissions_control,SMS Permissions Android | Default SMS Permissions | Permission Review,"The app shows permission context, Pro terms, and feature controls before setup."
sms_permissions_trust_holdout,permissions_control,SMS Permissions Android | Default SMS Permissions | Permission Review,The app highlights review features with clear cloud-review context.
sms_permissions_trust_holdout,permissions_control,SMS Permissions Android | Default SMS Permissions | Cloud Review Explained,"The app shows permission context, Pro terms, and feature controls before setup."
sms_permissions_trust_holdout,permissions_control,SMS Permissions Android | Default SMS Permissions | Cloud Review Explained,The app highlights review features with clear cloud-review context.
sms_permissions_trust_holdout,permissions_control,SMS Permissions Android | Default SMS Permissions | Trial Details Visible,"The app shows permission context, Pro terms, and feature controls before setup."
sms_permissions_trust_holdout,permissions_control,SMS Permissions Android | Default SMS Permissions | Trial Details Visible,The app highlights review features with clear cloud-review context.
sms_permissions_trust_holdout,permissions_control,SMS Permissions Android | Default SMS Permissions | Feature Controls Visible,"The app shows permission context, Pro terms, and feature controls before setup."
sms_permissions_trust_holdout,permissions_control,SMS Permissions Android | Default SMS Permissions | Feature Controls Visible,The app highlights review features with clear cloud-review context.
sms_permissions_trust_holdout,permissions_control,SMS Permissions Android | Default SMS Permissions | Play Listing Terms,"The app shows permission context, Pro terms, and feature controls before setup."
sms_permissions_trust_holdout,permissions_control,SMS Permissions Android | Default SMS Permissions | Play Listing Terms,The app highlights review features with clear cloud-review context.
sms_permissions_trust_holdout,permissions_control,SMS Permissions Android | Shows Data Choices | Permission Review,"The app shows permission context, Pro terms, and feature controls before setup."
sms_permissions_trust_holdout,permissions_control,SMS Permissions Android | Shows Data Choices | Permission Review,The app highlights review features with clear cloud-review context.
sms_permissions_trust_holdout,permissions_control,SMS Permissions Android | Shows Data Choices | Cloud Review Explained,"The app shows permission context, Pro terms, and feature controls before setup."
sms_permissions_trust_holdout,permissions_control,SMS Permissions Android | Shows Data Choices | Cloud Review Explained,The app highlights review features with clear cloud-review context.
sms_permissions_trust_holdout,permissions_control,SMS Permissions Android | Shows Data Choices | Trial Details Visible,"The app shows permission context, Pro terms, and feature controls before setup."
sms_permissions_trust_holdout,permissions_control,SMS Permissions Android | Shows Data Choices | Trial Details Visible,The app highlights review features with clear cloud-review context.
sms_permissions_trust_holdout,permissions_control,SMS Permissions Android | Shows Data Choices | Feature Controls Visible,"The app shows permission context, Pro terms, and feature controls before setup."
sms_permissions_trust_holdout,permissions_control,SMS Permissions Android | Shows Data Choices | Feature Controls Visible,The app highlights review features with clear cloud-review context.
sms_permissions_trust_holdout,permissions_control,SMS Permissions Android | Shows Data Choices | Play Listing Terms,"The app shows permission context, Pro terms, and feature controls before setup."
sms_permissions_trust_holdout,permissions_control,SMS Permissions Android | Shows Data Choices | Play Listing Terms,The app highlights review features with clear cloud-review context.
sms_permissions_trust_holdout,permissions_control,SMS Permissions Android | Permission Review | Cloud Review Explained,"The app shows permission context, Pro terms, and feature controls before setup."
sms_permissions_trust_holdout,permissions_control,SMS Permissions Android | Permission Review | Cloud Review Explained,The app highlights review features with clear cloud-review context.
sms_permissions_trust_holdout,permissions_control,SMS Permissions Android | Permission Review | Trial Details Visible,"The app shows permission context, Pro terms, and feature controls before setup."
sms_permissions_trust_holdout,permissions_control,SMS Permissions Android | Permission Review | Trial Details Visible,The app highlights review features with clear cloud-review context.
sms_permissions_trust_holdout,permissions_control,SMS Permissions Android | Permission Review | Feature Controls Visible,"The app shows permission context, Pro terms, and feature controls before setup."
sms_permissions_trust_holdout,permissions_control,SMS Permissions Android | Permission Review | Feature Controls Visible,The app highlights review features with clear cloud-review context.
sms_permissions_trust_holdout,permissions_control,SMS Permissions Android | Permission Review | Play Listing Terms,"The app shows permission context, Pro terms, and feature controls before setup."
sms_permissions_trust_holdout,permissions_control,SMS Permissions Android | Permission Review | Play Listing Terms,The app highlights review features with clear cloud-review context.
